guest_id,guest_name,nationality,preferred_language,loyalty_level,is_returning_guest
G00001,Elif Ivanov,Turkish,Turkish,5,0
G00002,George Kaya,British,English,5,0
G00003,Emre Taylor,Turkish,Turkish,4,0
G00004,Ahmet Smith,Turkish,Turkish,4,0
G00005,Ece Taylor,Turkish,Turkish,3,0
G00006,Ayşe Ivanov,Turkish,Turkish,2,0
G00007,Oliver Smith,British,English,2,0
G00008,Nikolai Şahin,Russian,Russian,3,1
G00009,Grace Martin,British,English,2,0
G00010,Emma Ivanov,German,German,4,0
G00011,Buse Kaya,Turkish,Turkish,2,0
G00012,Mert Dubois,Turkish,Turkish,3,0
G00013,George Müller,British,English,1,0
G00014,Can Öztürk,Turkish,Turkish,4,0
G00015,Mert Smith,Turkish,Turkish,4,0
G00016,Ahmet Yılmaz,Turkish,Turkish,5,0
G00017,Oliver Kaya,British,English,3,0
G00018,Harry Weber,British,English,3,0
G00019,Mert Petrov,Turkish,Turkish,3,0
G00020,Harry Smith,British,English,4,0
G00021,Sophie Brown,British,English,5,0
G00022,Emre Smirnov,Turkish,Turkish,2,0
G00023,Buse Weber,Turkish,Turkish,2,0
G00024,Can Wilson,Turkish,Turkish,5,0
G00025,Grace Martin,British,English,1,0
G00026,Zeynep Smirnov,Turkish,Turkish,2,0
G00027,George Müller,British,English,3,0
G00028,Jack Şahin,British,English,5,0
G00029,Irina Jones,Russian,Russian,4,0
G00030,Emre Petrov,Turkish,Turkish,4,0
G00031,Alice Şahin,French,French,2,0
G00032,Emily Şahin,British,English,5,0
G00033,Can Yılmaz,Turkish,Turkish,3,0
G00034,Grace Schmidt,British,English,5,1
G00035,Ahmet Smirnov,Turkish,Turkish,3,0
G00036,Mert Smirnov,Turkish,Turkish,4,0
G00037,Harry Dubois,British,English,5,0
G00038,Zeynep Martin,Turkish,Turkish,1,0
G00039,Can Petrov,Turkish,Turkish,4,0
G00040,Buse Müller,Turkish,Turkish,5,0
G00041,Sofia Yılmaz,Russian,Russian,4,0
G00042,Paul Müller,German,German,3,0
G00043,Harry Dubois,British,English,1,0
G00044,Ece Smith,Turkish,Turkish,3,0
G00045,Laura Yılmaz,German,German,3,1
G00046,Lukas Martin,German,German,5,0
G00047,Buse Smith,Turkish,Turkish,3,0
G00048,Can Şahin,Turkish,Turkish,3,0
G00049,Mehmet Dubois,Turkish,Turkish,3,0
G00050,Can Öztürk,Turkish,Turkish,2,0
G00051,Grace Taylor,British,English,3,0
G00052,Grace Smith,British,English,3,0
G00053,Grace Schmidt,British,English,3,0
G00054,Sophie Kaya,British,English,3,0
G00055,Anna Öztürk,German,German,3,0
G00056,Emily Müller,British,English,4,0
G00057,Oliver Jones,British,English,2,0
G00058,James Dubois,British,English,1,0
G00059,Ayşe Wilson,Turkish,Turkish,4,0
G00060,Max Schmidt,German,German,4,0
G00061,Elif Weber,Turkish,Turkish,4,0
G00062,Emre Öztürk,Turkish,Turkish,4,0
G00063,Felix Ivanov,German,German,1,0
G00064,Leon Demir,German,German,2,0
G00065,Olivia Martin,British,English,4,1
G00066,George Smith,British,English,1,0
G00067,Dmitri Öztürk,Russian,Russian,2,0
G00068,Emily Dubois,British,English,1,0
G00069,Sofia Ivanov,Russian,Russian,2,0
G00070,Ayşe Jones,Turkish,Turkish,2,0
G00071,Harry Martin,British,English,2,0
G00072,Mert Martin,Turkish,Turkish,1,0
G00073,Emily Demir,British,English,3,1
G00074,Gabriel Müller,French,French,2,0
G00075,Zeynep Müller,Turkish,Turkish,2,0
G00076,Oliver Smith,British,English,3,0
G00077,Elena Müller,Russian,Russian,4,0
G00078,Ece Weber,Turkish,Turkish,1,0
G00079,Mert Brown,Turkish,Turkish,5,0
G00080,Lea Smith,French,French,2,0
G00081,Elif Müller,Turkish,Turkish,3,0
G00082,Mert Şahin,Turkish,Turkish,1,0
G00083,James Demir,British,English,4,0
G00084,Emma Dubois,British,English,4,0
G00085,Mert Weber,Turkish,Turkish,5,0
G00086,Elif Demir,Turkish,Turkish,2,0
G00087,Leon Taylor,German,German,3,0
G00088,George Weber,British,English,3,0
G00089,Laura Jones,German,German,3,0
G00090,Oliver Martin,British,English,3,0
G00091,Mert Petrov,Turkish,Turkish,2,0
G00092,Emre Martin,Turkish,Turkish,3,0
G00093,Ece Ivanov,Turkish,Turkish,2,0
G00094,Emily Petrov,British,English,2,0
G00095,Emre Martin,Turkish,Turkish,4,0
G00096,Olivia Taylor,British,English,2,0
G00097,Buse Yılmaz,Turkish,Turkish,3,1
G00098,James Schmidt,British,English,1,0
G00099,Ayşe Brown,Turkish,Turkish,3,0
G00100,Jack Weber,British,English,2,0
G00101,Sophie Jones,British,English,4,0
G00102,Can Smith,Turkish,Turkish,1,1
G00103,Jack Martin,British,English,3,0
G00104,Zeynep Jones,Turkish,Turkish,2,0
G00105,Emma Öztürk,British,English,3,0
G00106,George Taylor,British,English,3,0
G00107,Ece Şahin,Turkish,Turkish,2,0
G00108,Mert Ivanov,Turkish,Turkish,3,0
G00109,Ayşe Weber,Turkish,Turkish,1,0
G00110,Alice Smirnov,French,French,5,0
G00111,Mehmet Dubois,Turkish,Turkish,2,0
G00112,Buse Petrov,Turkish,Turkish,4,1
G00113,Harry Smith,British,English,2,0
G00114,Can Demir,Turkish,Turkish,3,0
G00115,Ahmet Smith,Turkish,Turkish,1,0
G00116,Ece Öztürk,Turkish,Turkish,3,0
G00117,Jack Weber,British,English,1,0
G00118,Can Yılmaz,Turkish,Turkish,3,1
G00119,Olivia Şahin,British,English,4,0
G00120,Ayşe Smirnov,Turkish,Turkish,4,0
G00121,George Müller,British,English,2,0
G00122,Laura Dubois,German,German,3,0
G00123,Emma Schmidt,German,German,1,0
G00124,Jack Jones,British,English,3,0
G00125,Zeynep Wilson,Turkish,Turkish,3,0
G00126,Can Dubois,Turkish,Turkish,3,0
G00127,Maria Şahin,Russian,Russian,2,0
G00128,James Ivanov,British,English,3,1
G00129,Ece Taylor,Turkish,Turkish,3,0
G00130,Ahmet Brown,Turkish,Turkish,5,0
G00131,Mehmet Ivanov,Turkish,Turkish,2,0
G00132,Jack Öztürk,British,English,4,0
G00133,Can Petrov,Turkish,Turkish,4,0
G00134,Mert Dubois,Turkish,Turkish,2,0
G00135,Elif Jones,Turkish,Turkish,5,0
G00136,Paul Jones,German,German,1,0
G00137,George Demir,British,English,3,0
G00138,Ayşe Smirnov,Turkish,Turkish,3,0
G00139,Grace Weber,British,English,3,0
G00140,Buse Demir,Turkish,Turkish,3,0
G00141,George Schmidt,British,English,2,0
G00142,Felix Wilson,German,German,4,0
G00143,Grace Weber,British,English,2,0
G00144,Zeynep Jones,Turkish,Turkish,3,0
G00145,Sophie Öztürk,German,German,3,0
G00146,Sophie Dubois,British,English,5,0
G00147,Mehmet Yılmaz,Turkish,Turkish,3,0
G00148,Mert Martin,Turkish,Turkish,2,0
G00149,Mehmet Demir,Turkish,Turkish,3,0
G00150,Ece Yılmaz,Turkish,Turkish,4,0
G00151,Emma Şahin,British,English,5,0
G00152,Harry Schmidt,British,English,2,0
G00153,Buse Wilson,Turkish,Turkish,2,0
G00154,Emre Smirnov,Turkish,Turkish,1,0
G00155,Lukas Jones,German,German,4,0
G00156,Jack Şahin,British,English,4,0
G00157,Mehmet Schmidt,Turkish,Turkish,3,0
G00158,Leon Schmidt,German,German,4,0
G00159,Zeynep Müller,Turkish,Turkish,4,0
G00160,Mehmet Yılmaz,Turkish,Turkish,3,0
G00161,James Dubois,British,English,5,0
G00162,Ahmet Smirnov,Turkish,Turkish,3,0
G00163,Olivia Brown,British,English,2,0
G00164,Emma Smith,British,English,3,0
G00165,Buse Martin,Turkish,Turkish,1,0
G00166,Elif Brown,Turkish,Turkish,1,0
G00167,Zeynep Taylor,Turkish,Turkish,4,0
G00168,Max Smirnov,German,German,4,0
G00169,Emily Smith,British,English,1,0
G00170,Ahmet Öztürk,Turkish,Turkish,5,0
G00171,Sophie Brown,British,English,3,0
G00172,Sophie Kaya,British,English,5,0
G00173,Jack Öztürk,British,English,4,0
G00174,Max Taylor,German,German,4,0
G00175,Ayşe Müller,Turkish,Turkish,4,0
G00176,Laura Petrov,German,German,3,0
G00177,Alice Weber,French,French,3,0
G00178,Max Kaya,German,German,1,0
G00179,Elif Taylor,Turkish,Turkish,3,0
G00180,Jack Ivanov,British,English,3,0
G00181,Mert Ivanov,Turkish,Turkish,3,1
G00182,James Öztürk,British,English,3,0
G00183,Mia Petrov,German,German,3,0
G00184,Sofia Müller,Russian,Russian,5,0
G00185,Grace Dubois,British,English,3,0
G00186,Oliver Weber,British,English,5,0
G00187,Ahmet Ivanov,Turkish,Turkish,3,0
G00188,Emma Dubois,German,German,5,0
G00189,Sophie Schmidt,British,English,2,0
G00190,Buse Taylor,Turkish,Turkish,4,0
G00191,Mert Weber,Turkish,Turkish,3,0
G00192,Mert Wilson,Turkish,Turkish,1,0
G00193,Felix Demir,German,German,4,1
G00194,Can Müller,Turkish,Turkish,3,0
G00195,Mert Smirnov,Turkish,Turkish,4,0
G00196,Mert Ivanov,Turkish,Turkish,3,0
G00197,Emma Wilson,British,English,2,0
G00198,Jack Martin,British,English,3,0
G00199,Sophie Schmidt,German,German,3,0
G00200,Emily Smith,British,English,3,0
G00201,Harry Kaya,British,English,3,0
G00202,Paul Smirnov,German,German,1,0
G00203,Mert Dubois,Turkish,Turkish,3,0
G00204,Emma Weber,British,English,5,0
G00205,Felix Smirnov,German,German,4,0
G00206,Laura Taylor,German,German,4,0
G00207,Emily Taylor,British,English,3,0
G00208,Irina Yılmaz,Russian,Russian,4,0
G00209,Ayşe Kaya,Turkish,Turkish,5,0
G00210,Sofia Kaya,Russian,Russian,1,1
G00211,Zeynep Jones,Turkish,Turkish,3,0
G00212,Emily Smirnov,British,English,5,0
G00213,Elif Kaya,Turkish,Turkish,3,0
G00214,Emre Schmidt,Turkish,Turkish,4,0
G00215,Mia Petrov,German,German,2,0
G00216,Ahmet Wilson,Turkish,Turkish,2,0
G00217,Hugo Demir,French,French,3,0
G00218,George Brown,British,English,3,0
G00219,Mehmet Jones,Turkish,Turkish,3,1
G00220,George Jones,British,English,2,1
G00221,Mert Jones,Turkish,Turkish,3,0
G00222,Mert Demir,Turkish,Turkish,2,0
G00223,Emily Jones,British,English,2,1
G00224,Sophie Martin,British,English,4,0
G00225,Elif Schmidt,Turkish,Turkish,3,0
G00226,Ahmet Kaya,Turkish,Turkish,2,0
G00227,Zeynep Schmidt,Turkish,Turkish,2,0
G00228,Buse Wilson,Turkish,Turkish,2,0
G00229,Ece Smith,Turkish,Turkish,3,0
G00230,Leon Müller,German,German,2,0
G00231,Emma Müller,British,English,2,0
G00232,Mia Kaya,German,German,3,0
G00233,Zeynep Schmidt,Turkish,Turkish,5,0
G00234,Zeynep Öztürk,Turkish,Turkish,3,0
G00235,George Ivanov,British,English,5,0
G00236,George Smirnov,British,English,1,0
G00237,James Müller,British,English,5,0
G00238,Emre Smirnov,Turkish,Turkish,3,0
G00239,Ece Yılmaz,Turkish,Turkish,5,0
G00240,Felix Müller,German,German,3,0
G00241,Harry Smirnov,British,English,2,0
G00242,Ahmet Kaya,Turkish,Turkish,2,0
G00243,Emma Brown,German,German,2,0
G00244,James Smirnov,British,English,3,0
G00245,Zeynep Dubois,Turkish,Turkish,2,0
G00246,Harry Smith,British,English,3,0
G00247,Sophie Smith,German,German,2,0
G00248,Ece Ivanov,Turkish,Turkish,1,0
G00249,Can Wilson,Turkish,Turkish,3,0
G00250,Buse Brown,Turkish,Turkish,1,0
G00251,Can Wilson,Turkish,Turkish,3,0
G00252,Jack Kaya,British,English,4,0
G00253,Can Martin,Turkish,Turkish,3,0
G00254,Mert Smirnov,Turkish,Turkish,3,0
G00255,Zeynep Demir,Turkish,Turkish,1,0
G00256,Mehmet Şahin,Turkish,Turkish,2,0
G00257,Elif Smith,Turkish,Turkish,3,0
G00258,Louis Kaya,French,French,2,0
G00259,Jack Wilson,British,English,4,0
G00260,Leon Ivanov,German,German,2,1
G00261,Ayşe Yılmaz,Turkish,Turkish,3,0
G00262,Lukas Wilson,German,German,2,0
G00263,George Smirnov,British,English,3,0
G00264,Elif Ivanov,Turkish,Turkish,3,0
G00265,Can Smirnov,Turkish,Turkish,4,0
G00266,Ayşe Yılmaz,Turkish,Turkish,2,0
G00267,Mert Jones,Turkish,Turkish,2,0
G00268,Ece Schmidt,Turkish,Turkish,2,0
G00269,Grace Demir,British,English,3,0
G00270,Ahmet Dubois,Turkish,Turkish,3,0
G00271,Leon Taylor,German,German,3,0
G00272,Buse Kaya,Turkish,Turkish,2,0
G00273,Olivia Smith,British,English,3,0
G00274,James Kaya,British,English,4,0
G00275,Zeynep Demir,Turkish,Turkish,5,0
G00276,Emma Öztürk,German,German,1,0
G00277,Ahmet Dubois,Turkish,Turkish,2,0
G00278,Buse Brown,Turkish,Turkish,5,0
G00279,Laura Petrov,German,German,3,0
G00280,Elif Petrov,Turkish,Turkish,3,0
G00281,Elif Brown,Turkish,Turkish,2,0
G00282,Felix Weber,German,German,4,0
G00283,Ahmet Ivanov,Turkish,Turkish,4,0
G00284,Zeynep Yılmaz,Turkish,Turkish,4,1
G00285,Olga Şahin,Russian,Russian,4,0
G00286,Can Kaya,Turkish,Turkish,3,0
G00287,Can Müller,Turkish,Turkish,3,0
G00288,Emre Schmidt,Turkish,Turkish,3,0
G00289,George Smith,British,English,2,0
G00290,Elif Martin,Turkish,Turkish,4,0
G00291,Can Jones,Turkish,Turkish,2,0
G00292,Emre Kaya,Turkish,Turkish,3,1
G00293,Zeynep Öztürk,Turkish,Turkish,2,0
G00294,Grace Jones,British,English,3,0
G00295,Mehmet Jones,Turkish,Turkish,5,0
G00296,Emma Petrov,British,English,3,0
G00297,Mehmet Öztürk,Turkish,Turkish,4,0
G00298,Grace Martin,British,English,4,0
G00299,Olivia Wilson,British,English,5,0
G00300,Can Jones,Turkish,Turkish,2,0
G00301,Max Petrov,German,German,3,0
G00302,Ece Şahin,Turkish,Turkish,3,0
G00303,Felix Dubois,German,German,3,0
G00304,Mert Brown,Turkish,Turkish,2,0
G00305,Oliver Jones,British,English,2,0
G00306,Grace Jones,British,English,2,0
G00307,Zeynep Kaya,Turkish,Turkish,2,0
G00308,Camille Smirnov,French,French,3,0
G00309,Sophie Demir,British,English,3,1
G00310,Max Dubois,German,German,3,0
G00311,Ece Wilson,Turkish,Turkish,3,0
G00312,Sophie Petrov,British,English,2,0
G00313,Chloe Öztürk,French,French,4,1
G00314,Ece Weber,Turkish,Turkish,3,0
G00315,Emily Şahin,British,English,3,1
G00316,Lukas Jones,German,German,4,0
G00317,Maria Smirnov,Russian,Russian,4,0
G00318,Leon Brown,German,German,2,0
G00319,Leon Taylor,German,German,4,0
G00320,Zeynep Demir,Turkish,Turkish,3,0
G00321,Ayşe Dubois,Turkish,Turkish,2,0
G00322,Emre Yılmaz,Turkish,Turkish,2,0
G00323,Ayşe Brown,Turkish,Turkish,2,0
G00324,Nikolai Taylor,Russian,Russian,3,0
G00325,Elif Petrov,Turkish,Turkish,2,0
G00326,Ece Yılmaz,Turkish,Turkish,4,0
G00327,Harry Öztürk,British,English,5,0
G00328,Sophie Yılmaz,British,English,3,0
G00329,George Şahin,British,English,1,0
G00330,Paul Brown,German,German,3,0
G00331,Oliver Schmidt,British,English,4,0
G00332,Ayşe Jones,Turkish,Turkish,4,0
G00333,Ece Martin,Turkish,Turkish,4,0
G00334,Ece Jones,Turkish,Turkish,3,0
G00335,Ece Öztürk,Turkish,Turkish,5,0
G00336,Buse Smirnov,Turkish,Turkish,5,0
G00337,Ece Wilson,Turkish,Turkish,2,0
G00338,Felix Weber,German,German,3,0
G00339,Max Öztürk,German,German,4,0
G00340,Can Weber,Turkish,Turkish,2,0
G00341,Zeynep Dubois,Turkish,Turkish,2,0
G00342,Zeynep Martin,Turkish,Turkish,4,0
G00343,Felix Petrov,German,German,5,0
G00344,Emily Martin,British,English,4,0
G00345,Emma Jones,British,English,2,0
G00346,Manon Ivanov,French,French,5,1
G00347,Buse Dubois,Turkish,Turkish,5,0
G00348,Mert Smith,Turkish,Turkish,3,0
G00349,George Petrov,British,English,4,0
G00350,Emily Martin,British,English,4,0
G00351,Grace Yılmaz,British,English,2,1
G00352,Mehmet Brown,Turkish,Turkish,4,0
G00353,Mehmet Wilson,Turkish,Turkish,2,0
G00354,Mert Müller,Turkish,Turkish,3,1
G00355,Buse Smirnov,Turkish,Turkish,3,0
G00356,Ahmet Ivanov,Turkish,Turkish,4,0
G00357,Buse Ivanov,Turkish,Turkish,3,0
G00358,Emre Ivanov,Turkish,Turkish,1,0
G00359,Olivia Brown,British,English,1,0
G00360,Lukas Müller,German,German,2,0
G00361,Ahmet Şahin,Turkish,Turkish,4,0
G00362,Olivia Yılmaz,British,English,3,0
G00363,Buse Brown,Turkish,Turkish,2,0
G00364,Lea Jones,French,French,2,0
G00365,Max Smith,German,German,3,0
G00366,Harry Smith,British,English,5,0
G00367,Hugo Petrov,French,French,4,0
G00368,Zeynep Smirnov,Turkish,Turkish,5,0
G00369,Ece Wilson,Turkish,Turkish,3,0
G00370,Elif Jones,Turkish,Turkish,2,0
G00371,Emily Brown,British,English,4,0
G00372,Buse Yılmaz,Turkish,Turkish,5,0
G00373,Emre Wilson,Turkish,Turkish,4,0
G00374,Zeynep Brown,Turkish,Turkish,2,0
G00375,Ayşe Şahin,Turkish,Turkish,3,0
G00376,Emily Ivanov,British,English,3,0
G00377,Mia Smirnov,German,German,4,0
G00378,Mehmet Müller,Turkish,Turkish,4,0
G00379,Emily Ivanov,British,English,2,0
G00380,Olivia Smith,British,English,3,0
G00381,Grace Ivanov,British,English,4,0
G00382,Ayşe Martin,Turkish,Turkish,3,0
G00383,Louis Demir,French,French,1,0
G00384,Anna Ivanov,German,German,3,0
G00385,Ayşe Smith,Turkish,Turkish,4,0
G00386,Jack Schmidt,British,English,2,0
G00387,George Ivanov,British,English,3,0
G00388,Lea Demir,French,French,4,0
G00389,Buse Brown,Turkish,Turkish,4,0
G00390,Emre Brown,Turkish,Turkish,5,0
G00391,Emma Şahin,British,English,2,0
G00392,Ayşe Yılmaz,Turkish,Turkish,3,0
G00393,George Jones,British,English,2,0
G00394,Leon Smith,German,German,4,0
G00395,Ece Martin,Turkish,Turkish,2,0
G00396,George Öztürk,British,English,5,0
G00397,Sophie Smirnov,British,English,2,0
G00398,Lukas Schmidt,German,German,1,0
G00399,Ece Smith,Turkish,Turkish,2,0
G00400,Sophie Schmidt,German,German,5,0
G00401,Jack Demir,British,English,1,0
G00402,Can Jones,Turkish,Turkish,1,0
G00403,James Martin,British,English,2,0
G00404,Ayşe Schmidt,Turkish,Turkish,1,0
G00405,Oliver Yılmaz,British,English,3,0
G00406,Mert Jones,Turkish,Turkish,3,0
G00407,Emre Şahin,Turkish,Turkish,2,0
G00408,James Şahin,British,English,3,0
G00409,Anna Ivanov,German,German,3,0
G00410,Harry Dubois,British,English,2,0
G00411,Zeynep Martin,Turkish,Turkish,4,0
G00412,Emma Wilson,French,French,2,0
G00413,James Jones,British,English,4,0
G00414,James Weber,British,English,5,0
G00415,Zeynep Dubois,Turkish,Turkish,3,0
G00416,Emma Öztürk,German,German,1,1
G00417,Buse Brown,Turkish,Turkish,5,0
G00418,Ahmet Schmidt,Turkish,Turkish,3,0
G00419,Ayşe Dubois,Turkish,Turkish,3,0
G00420,Ahmet Smith,Turkish,Turkish,3,0
G00421,Elif Öztürk,Turkish,Turkish,4,0
G00422,Zeynep Petrov,Turkish,Turkish,4,0
G00423,Olivia Smith,British,English,4,0
G00424,George Dubois,British,English,4,0
G00425,Ece Martin,Turkish,Turkish,3,0
G00426,Emre Smirnov,Turkish,Turkish,1,0
G00427,Ahmet Brown,Turkish,Turkish,4,1
G00428,Olivia Smirnov,British,English,3,1
G00429,Ayşe Taylor,Turkish,Turkish,1,0
G00430,Grace Şahin,British,English,3,0
G00431,Max Müller,German,German,4,0
G00432,Olivia Smirnov,British,English,2,0
G00433,Oliver Yılmaz,British,English,3,0
G00434,Grace Öztürk,British,English,3,0
G00435,Ece Dubois,Turkish,Turkish,3,0
G00436,Elif Müller,Turkish,Turkish,2,0
G00437,Mia Dubois,German,German,2,0
G00438,Sophie Smirnov,German,German,4,1
G00439,Ece Petrov,Turkish,Turkish,1,1
G00440,Can Jones,Turkish,Turkish,5,0
G00441,Harry Smirnov,British,English,2,0
G00442,Mehmet Müller,Turkish,Turkish,3,0
G00443,Oliver Müller,British,English,3,0
G00444,Ayşe Smith,Turkish,Turkish,5,0
G00445,Elif Ivanov,Turkish,Turkish,3,0
G00446,Ahmet Şahin,Turkish,Turkish,3,0
G00447,Emma Dubois,German,German,3,0
G00448,Emre Weber,Turkish,Turkish,2,0
G00449,Sophie Martin,British,English,4,0
G00450,Harry Kaya,British,English,4,0
G00451,Harry Yılmaz,British,English,4,0
G00452,James Demir,British,English,3,0
G00453,Felix Petrov,German,German,1,0
G00454,Emma Weber,German,German,3,0
G00455,Ece Smirnov,Turkish,Turkish,2,0
G00456,Ece Şahin,Turkish,Turkish,3,0
G00457,Emma Demir,German,German,3,0
G00458,Elif Müller,Turkish,Turkish,1,0
G00459,George Şahin,British,English,2,0
G00460,Lukas Weber,German,German,3,0
G00461,Jack Smirnov,British,English,4,0
G00462,Ece Wilson,Turkish,Turkish,2,1
G00463,Sophie Ivanov,German,German,3,0
G00464,Harry Demir,British,English,2,1
G00465,Mert Taylor,Turkish,Turkish,3,0
G00466,Ahmet Müller,Turkish,Turkish,4,0
G00467,George Jones,British,English,3,0
G00468,Ece Smirnov,Turkish,Turkish,3,0
G00469,Mehmet Kaya,Turkish,Turkish,3,0
G00470,George Demir,British,English,4,0
G00471,Laura Ivanov,German,German,4,0
G00472,George Weber,British,English,2,0
G00473,George Brown,British,English,2,1
G00474,Lukas Smith,German,German,1,0
G00475,Oliver Jones,British,English,1,0
G00476,Emre Smith,Turkish,Turkish,2,0
G00477,Hugo Taylor,French,French,5,0
G00478,Paul Demir,German,German,3,0
G00479,Mehmet Jones,Turkish,Turkish,3,0
G00480,Mehmet Martin,Turkish,Turkish,2,0
G00481,Chloe Wilson,French,French,2,0
G00482,Mehmet Demir,Turkish,Turkish,4,0
G00483,Louis Wilson,French,French,3,0
G00484,Ayşe Smirnov,Turkish,Turkish,3,1
G00485,Mert Weber,Turkish,Turkish,3,1
G00486,George Smith,British,English,3,0
G00487,Grace Brown,British,English,2,0
G00488,Manon Brown,French,French,4,0
G00489,Harry Öztürk,British,English,3,0
G00490,Can Demir,Turkish,Turkish,2,0
G00491,Emma Şahin,British,English,5,0
G00492,Emma Martin,British,English,1,0
G00493,Can Petrov,Turkish,Turkish,3,0
G00494,Buse Weber,Turkish,Turkish,1,0
G00495,Can Schmidt,Turkish,Turkish,2,0
G00496,Jack Kaya,British,English,4,0
G00497,Zeynep Müller,Turkish,Turkish,5,0
G00498,Can Martin,Turkish,Turkish,2,0
G00499,Mert Petrov,Turkish,Turkish,5,0
G00500,Emre Demir,Turkish,Turkish,5,0
G00501,Ece Kaya,Turkish,Turkish,1,0
G00502,Emre Taylor,Turkish,Turkish,4,0
G00503,Can Kaya,Turkish,Turkish,3,0
G00504,George Öztürk,British,English,4,0
G00505,Mert Demir,Turkish,Turkish,2,0
G00506,Manon Dubois,French,French,4,0
G00507,Elif Dubois,Turkish,Turkish,3,0
G00508,Mehmet Müller,Turkish,Turkish,5,0
G00509,Zeynep Kaya,Turkish,Turkish,2,0
G00510,Zeynep Müller,Turkish,Turkish,3,0
G00511,Ece Wilson,Turkish,Turkish,2,0
G00512,Camille Smirnov,French,French,1,0
G00513,Grace Demir,British,English,2,0
G00514,Leon Şahin,German,German,3,0
G00515,Olivia Weber,British,English,3,0
G00516,Jack Yılmaz,British,English,3,0
G00517,Anna Taylor,German,German,2,0
G00518,Emma Petrov,French,French,5,0
G00519,Ayşe Martin,Turkish,Turkish,2,0
G00520,Buse Petrov,Turkish,Turkish,2,0
G00521,Max Taylor,German,German,3,0
G00522,Buse Schmidt,Turkish,Turkish,2,0
G00523,Grace Smirnov,British,English,2,0
G00524,Max Weber,German,German,4,0
G00525,George Yılmaz,British,English,3,0
G00526,Lucas Yılmaz,French,French,2,0
G00527,Mert Weber,Turkish,Turkish,3,0
G00528,Emre Müller,Turkish,Turkish,1,0
G00529,Buse Dubois,Turkish,Turkish,4,0
G00530,Mert Dubois,Turkish,Turkish,2,1
G00531,Ahmet Müller,Turkish,Turkish,2,0
G00532,Buse Şahin,Turkish,Turkish,4,0
G00533,Buse Yılmaz,Turkish,Turkish,3,0
G00534,Buse Smirnov,Turkish,Turkish,3,0
G00535,Mehmet Dubois,Turkish,Turkish,2,0
G00536,Mehmet Dubois,Turkish,Turkish,2,0
G00537,Ayşe Yılmaz,Turkish,Turkish,4,1
G00538,Lea Schmidt,French,French,4,0
G00539,Mehmet Martin,Turkish,Turkish,2,0
G00540,Ayşe Ivanov,Turkish,Turkish,2,0
G00541,Zeynep Weber,Turkish,Turkish,1,0
G00542,Irina Brown,Russian,Russian,2,0
G00543,Grace Taylor,British,English,3,1
G00544,Emma Schmidt,German,German,3,0
G00545,Sophie Müller,British,English,2,0
G00546,Zeynep Jones,Turkish,Turkish,2,0
G00547,George Schmidt,British,English,4,0
G00548,Can Dubois,Turkish,Turkish,5,0
G00549,Jack Wilson,British,English,4,0
G00550,Mehmet Müller,Turkish,Turkish,2,0
G00551,Emma Petrov,British,English,4,0
G00552,Hugo Şahin,French,French,2,0
G00553,Anna Ivanov,German,German,5,0
G00554,Emily Jones,British,English,2,0
G00555,Lukas Demir,German,German,3,0
G00556,Laura Schmidt,German,German,2,0
G00557,Ahmet Brown,Turkish,Turkish,2,0
G00558,Can Jones,Turkish,Turkish,2,1
G00559,Ahmet Demir,Turkish,Turkish,4,0
G00560,Emre Şahin,Turkish,Turkish,1,0
G00561,Ayşe Schmidt,Turkish,Turkish,3,1
G00562,Grace Yılmaz,British,English,4,0
G00563,Zeynep Brown,Turkish,Turkish,2,0
G00564,Emily Brown,British,English,2,0
G00565,Zeynep Öztürk,Turkish,Turkish,3,0
G00566,George Kaya,British,English,4,0
G00567,Oliver Jones,British,English,1,0
G00568,Grace Wilson,British,English,5,0
G00569,Elif Dubois,Turkish,Turkish,3,0
G00570,Emma Müller,British,English,2,0
G00571,Gabriel Kaya,French,French,3,0
G00572,Sophie Wilson,British,English,2,0
G00573,Mehmet Kaya,Turkish,Turkish,3,0
G00574,George Öztürk,British,English,1,0
G00575,Harry Öztürk,British,English,2,0
G00576,Camille Yılmaz,French,French,2,0
G00577,Buse Weber,Turkish,Turkish,2,0
G00578,Can Schmidt,Turkish,Turkish,5,1
G00579,Jack Weber,British,English,5,0
G00580,Sophie Jones,British,English,4,1
G00581,Emma Ivanov,French,French,2,0
G00582,Oliver Brown,British,English,2,0
G00583,Mehmet Demir,Turkish,Turkish,4,0
G00584,Laura Petrov,German,German,2,0
G00585,Olivia Şahin,British,English,4,0
G00586,Buse Şahin,Turkish,Turkish,3,0
G00587,Zeynep Öztürk,Turkish,Turkish,2,0
G00588,Buse Dubois,Turkish,Turkish,2,0
G00589,Harry Smirnov,British,English,2,0
G00590,Paul Demir,German,German,1,0
G00591,Olivia Martin,British,English,3,0
G00592,Ayşe Weber,Turkish,Turkish,4,0
G00593,Paul Dubois,German,German,4,0
G00594,James Jones,British,English,4,0
G00595,Elif Demir,Turkish,Turkish,3,1
G00596,Zeynep Dubois,Turkish,Turkish,3,0
G00597,George Wilson,British,English,2,0
G00598,Oliver Demir,British,English,4,0
G00599,Emre Taylor,Turkish,Turkish,5,0
G00600,Ayşe Schmidt,Turkish,Turkish,4,0
G00601,Mert Weber,Turkish,Turkish,2,0
G00602,Mehmet Jones,Turkish,Turkish,2,0
G00603,Emma Brown,German,German,1,0
G00604,Lukas Martin,German,German,3,0
G00605,Mehmet Brown,Turkish,Turkish,3,0
G00606,Nikolai Brown,Russian,Russian,2,0
G00607,Zeynep Demir,Turkish,Turkish,3,0
G00608,Elif Kaya,Turkish,Turkish,5,0
G00609,Buse Müller,Turkish,Turkish,4,0
G00610,Anna Petrov,German,German,4,0
G00611,Emma Jones,British,English,3,0
G00612,Ahmet Şahin,Turkish,Turkish,2,0
G00613,Sophie Weber,German,German,1,0
G00614,Sophie Taylor,British,English,4,0
G00615,Ece Petrov,Turkish,Turkish,2,0
G00616,Zeynep Wilson,Turkish,Turkish,4,0
G00617,James Öztürk,British,English,2,0
G00618,Irina Yılmaz,Russian,Russian,4,0
G00619,Ece Müller,Turkish,Turkish,3,0
G00620,Olivia Brown,British,English,3,1
G00621,Emre Kaya,Turkish,Turkish,4,0
G00622,Elif Şahin,Turkish,Turkish,2,0
G00623,Can Öztürk,Turkish,Turkish,5,0
G00624,Jack Öztürk,British,English,2,0
G00625,Ayşe Demir,Turkish,Turkish,4,0
G00626,Sophie Martin,German,German,2,0
G00627,Camille Şahin,French,French,3,0
G00628,Ece Jones,Turkish,Turkish,3,0
G00629,Emre Müller,Turkish,Turkish,2,0
G00630,Emre Yılmaz,Turkish,Turkish,2,0
G00631,Harry Smirnov,British,English,3,0
G00632,Can Öztürk,Turkish,Turkish,1,0
G00633,Felix Wilson,German,German,4,0
G00634,Oliver Martin,British,English,3,0
G00635,Grace Schmidt,British,English,1,0
G00636,Can Yılmaz,Turkish,Turkish,3,0
G00637,Lukas Jones,German,German,2,0
G00638,Olivia Smirnov,British,English,4,0
G00639,Paul Smirnov,German,German,4,0
G00640,Sophie Martin,British,English,4,0
G00641,Elif Ivanov,Turkish,Turkish,2,0
G00642,Olivia Jones,British,English,3,0
G00643,Can Weber,Turkish,Turkish,3,0
G00644,Ece Smith,Turkish,Turkish,5,0
G00645,Can Şahin,Turkish,Turkish,3,1
G00646,Can Dubois,Turkish,Turkish,5,0
G00647,Mehmet Müller,Turkish,Turkish,3,0
G00648,Sofia Smirnov,Russian,Russian,3,0
G00649,Jack Wilson,British,English,2,0
G00650,Buse Dubois,Turkish,Turkish,3,0
G00651,Buse Martin,Turkish,Turkish,5,0
G00652,Zeynep Müller,Turkish,Turkish,3,0
G00653,Emily Martin,British,English,4,0
G00654,Elif Şahin,Turkish,Turkish,4,0
G00655,Mia Taylor,German,German,3,0
G00656,Paul Schmidt,German,German,4,0
G00657,Elif Brown,Turkish,Turkish,2,0
G00658,George Öztürk,British,English,3,0
G00659,Mert Jones,Turkish,Turkish,2,0
G00660,Zeynep Şahin,Turkish,Turkish,4,0
G00661,Ahmet Demir,Turkish,Turkish,4,0
G00662,James Kaya,British,English,2,0
G00663,Ahmet Martin,Turkish,Turkish,3,0
G00664,Gabriel Wilson,French,French,1,0
G00665,Ahmet Demir,Turkish,Turkish,3,0
G00666,Emma Müller,German,German,2,0
G00667,Emma Ivanov,British,English,3,0
G00668,Lukas Öztürk,German,German,3,0
G00669,Ece Dubois,Turkish,Turkish,3,0
G00670,Oliver Schmidt,British,English,3,1
G00671,Ahmet Schmidt,Turkish,Turkish,2,0
G00672,Can Smith,Turkish,Turkish,3,0
G00673,Buse Weber,Turkish,Turkish,3,0
G00674,Paul Ivanov,German,German,4,0
G00675,James Yılmaz,British,English,1,0
G00676,Emma Martin,British,English,4,0
G00677,Ece Jones,Turkish,Turkish,2,1
G00678,Zeynep Müller,Turkish,Turkish,2,1
G00679,Lukas Petrov,German,German,3,0
G00680,Mehmet Smith,Turkish,Turkish,3,0
G00681,Ayşe Taylor,Turkish,Turkish,2,0
G00682,Lukas Wilson,German,German,3,0
G00683,Anna Şahin,German,German,1,0
G00684,Emily Şahin,British,English,2,1
G00685,Grace Demir,British,English,1,1
G00686,Elif Müller,Turkish,Turkish,3,0
G00687,Emily Şahin,British,English,4,1
G00688,Harry Jones,British,English,2,0
G00689,Buse Yılmaz,Turkish,Turkish,3,0
G00690,Mert Yılmaz,Turkish,Turkish,3,0
G00691,George Brown,British,English,1,0
G00692,Manon Taylor,French,French,3,0
G00693,Can Martin,Turkish,Turkish,4,1
G00694,James Dubois,British,English,1,0
G00695,Ahmet Yılmaz,Turkish,Turkish,3,0
G00696,Emma Martin,German,German,2,0
G00697,Oliver Şahin,British,English,4,0
G00698,Mehmet Öztürk,Turkish,Turkish,1,0
G00699,Mert Wilson,Turkish,Turkish,3,1
G00700,Jack Öztürk,British,English,2,0
G00701,Mehmet Müller,Turkish,Turkish,4,0
G00702,Buse Yılmaz,Turkish,Turkish,5,0
G00703,Emma Dubois,German,German,1,0
G00704,Zeynep Yılmaz,Turkish,Turkish,3,0
G00705,Emre Öztürk,Turkish,Turkish,3,1
G00706,Laura Martin,German,German,1,0
G00707,Emily Yılmaz,British,English,1,0
G00708,Emre Weber,Turkish,Turkish,3,0
G00709,Leon Kaya,German,German,4,0
G00710,Emre Martin,Turkish,Turkish,2,0
G00711,Grace Kaya,British,English,3,0
G00712,Zeynep Weber,Turkish,Turkish,5,0
G00713,Zeynep Martin,Turkish,Turkish,3,0
G00714,Oliver Brown,British,English,3,0
G00715,Alexei Schmidt,Russian,Russian,3,0
G00716,Ayşe Yılmaz,Turkish,Turkish,3,0
G00717,Emily Demir,British,English,4,0
G00718,Mert Yılmaz,Turkish,Turkish,3,0
G00719,Harry Yılmaz,British,English,2,0
G00720,Grace Kaya,British,English,5,0
G00721,Can Jones,Turkish,Turkish,2,0
G00722,Mehmet Schmidt,Turkish,Turkish,2,0
G00723,James Taylor,British,English,4,0
G00724,Can Petrov,Turkish,Turkish,2,0
G00725,James Ivanov,British,English,3,0
G00726,Can Öztürk,Turkish,Turkish,3,0
G00727,Emma Petrov,British,English,3,0
G00728,Ahmet Martin,Turkish,Turkish,3,0
G00729,Emily Ivanov,British,English,2,0
G00730,Buse Ivanov,Turkish,Turkish,3,0
G00731,Emma Smith,French,French,3,1
G00732,Oliver Taylor,British,English,3,0
G00733,Sophie Öztürk,British,English,5,0
G00734,Anna Öztürk,German,German,2,0
G00735,Emily Smirnov,British,English,4,0
G00736,Olivia Schmidt,British,English,3,1
G00737,Emma Yılmaz,German,German,5,0
G00738,Nikolai Demir,Russian,Russian,3,0
G00739,Emma Öztürk,British,English,2,0
G00740,Paul Demir,German,German,3,0
G00741,Elif Schmidt,Turkish,Turkish,1,0
G00742,Elena Smirnov,Russian,Russian,4,0
G00743,Emre Dubois,Turkish,Turkish,3,0
G00744,Olivia Petrov,British,English,4,0
G00745,Laura Schmidt,German,German,2,0
G00746,Ahmet Müller,Turkish,Turkish,1,0
G00747,Olivia Demir,British,English,2,0
G00748,Ayşe Smith,Turkish,Turkish,5,0
G00749,Buse Taylor,Turkish,Turkish,2,0
G00750,Sophie Smirnov,British,English,1,0
G00751,Emre Jones,Turkish,Turkish,4,1
G00752,Oliver Dubois,British,English,4,0
G00753,Elif Brown,Turkish,Turkish,3,0
G00754,Mehmet Müller,Turkish,Turkish,3,0
G00755,Olivia Brown,British,English,3,0
G00756,Leon Öztürk,German,German,3,0
G00757,Ahmet Smirnov,Turkish,Turkish,3,0
G00758,Ahmet Dubois,Turkish,Turkish,4,0
G00759,Felix Şahin,German,German,1,0
G00760,Lucas Jones,French,French,4,1
G00761,Buse Schmidt,Turkish,Turkish,4,0
G00762,Emre Öztürk,Turkish,Turkish,4,0
G00763,Irina Yılmaz,Russian,Russian,2,0
G00764,Elif Dubois,Turkish,Turkish,5,0
G00765,Laura Petrov,German,German,3,1
G00766,Harry Weber,British,English,4,0
G00767,Ece Öztürk,Turkish,Turkish,4,0
G00768,Elif Yılmaz,Turkish,Turkish,4,0
G00769,Grace Weber,British,English,2,0
G00770,Lukas Wilson,German,German,1,0
G00771,Lucas Taylor,French,French,3,0
G00772,Jack Şahin,British,English,3,0
G00773,Mert Kaya,Turkish,Turkish,2,0
G00774,Buse Brown,Turkish,Turkish,4,0
G00775,Zeynep Smirnov,Turkish,Turkish,2,0
G00776,Buse Brown,Turkish,Turkish,5,0
G00777,Buse Wilson,Turkish,Turkish,5,0
G00778,Jack Smith,British,English,3,0
G00779,George Martin,British,English,3,0
G00780,Can Öztürk,Turkish,Turkish,3,0
G00781,Jack Petrov,British,English,4,0
G00782,Harry Şahin,British,English,3,1
G00783,James Schmidt,British,English,4,0
G00784,Paul Şahin,German,German,1,0
G00785,Emily Şahin,British,English,2,0
G00786,Emily Şahin,British,English,2,0
G00787,Oliver Demir,British,English,3,0
G00788,Emma Yılmaz,French,French,5,1
G00789,Emre Smith,Turkish,Turkish,2,0
G00790,Ahmet Ivanov,Turkish,Turkish,2,0
G00791,George Dubois,British,English,3,0
G00792,Ayşe Demir,Turkish,Turkish,4,0
G00793,Ahmet Taylor,Turkish,Turkish,1,0
G00794,Grace Weber,British,English,2,0
G00795,Mehmet Kaya,Turkish,Turkish,1,0
G00796,Buse Şahin,Turkish,Turkish,3,0
G00797,Mehmet Martin,Turkish,Turkish,3,0
G00798,Leon Dubois,German,German,3,0
G00799,George Şahin,British,English,4,0
G00800,George Ivanov,British,English,3,0
G00801,Oliver Dubois,British,English,2,0
G00802,Sophie Demir,British,English,5,0
G00803,Emma Taylor,British,English,3,1
G00804,Jack Jones,British,English,1,0
G00805,Ayşe Schmidt,Turkish,Turkish,3,0
G00806,Ahmet Weber,Turkish,Turkish,5,1
G00807,Jack Dubois,British,English,2,0
G00808,Sophie Ivanov,German,German,3,0
G00809,Can Martin,Turkish,Turkish,3,0
G00810,Ece Petrov,Turkish,Turkish,1,0
G00811,Lucas Jones,French,French,2,0
G00812,Zeynep Jones,Turkish,Turkish,4,0
G00813,Emre Smirnov,Turkish,Turkish,3,0
G00814,Felix Kaya,German,German,4,0
G00815,Felix Smirnov,German,German,2,0
G00816,Ayşe Martin,Turkish,Turkish,5,0
G00817,Oliver Dubois,British,English,5,0
G00818,Mehmet Martin,Turkish,Turkish,3,0
G00819,Emily Smirnov,British,English,1,0
G00820,Emre Wilson,Turkish,Turkish,4,0
G00821,Buse Brown,Turkish,Turkish,3,0
G00822,Ayşe Smith,Turkish,Turkish,2,1
G00823,Zeynep Wilson,Turkish,Turkish,3,0
G00824,Manon Brown,French,French,2,0
G00825,Ahmet Schmidt,Turkish,Turkish,3,0
G00826,Mehmet Jones,Turkish,Turkish,2,1
G00827,Emily Petrov,British,English,4,0
G00828,Ece Demir,Turkish,Turkish,3,0
G00829,Louis Smirnov,French,French,5,0
G00830,Mia Petrov,German,German,3,0
G00831,Alice Dubois,French,French,3,0
G00832,Elif Weber,Turkish,Turkish,2,0
G00833,Emma Weber,British,English,1,0
G00834,Irina Jones,Russian,Russian,1,0
G00835,Emre Yılmaz,Turkish,Turkish,3,0
G00836,Grace Dubois,British,English,2,0
G00837,Olivia Müller,British,English,5,0
G00838,Sofia Jones,Russian,Russian,3,0
G00839,Olivia Taylor,British,English,3,1
G00840,Buse Müller,Turkish,Turkish,5,0
G00841,Laura Müller,German,German,3,0
G00842,James Martin,British,English,4,0
G00843,Oliver Öztürk,British,English,5,1
G00844,Emily Jones,British,English,3,0
G00845,Ayşe Schmidt,Turkish,Turkish,3,0
G00846,Zeynep Şahin,Turkish,Turkish,2,0
G00847,Mehmet Jones,Turkish,Turkish,4,0
G00848,Sophie Smirnov,British,English,2,0
G00849,Emily Yılmaz,British,English,3,0
G00850,Emily Martin,British,English,3,0
G00851,Emily Demir,British,English,2,0
G00852,Ivan Smirnov,Russian,Russian,2,0
G00853,Elif Smith,Turkish,Turkish,3,0
G00854,Mehmet Dubois,Turkish,Turkish,3,0
G00855,James Schmidt,British,English,4,0
G00856,Sophie Smith,German,German,3,0
G00857,Olivia Yılmaz,British,English,3,0
G00858,Gabriel Smith,French,French,4,0
G00859,Buse Smirnov,Turkish,Turkish,3,0
G00860,Sophie Weber,British,English,3,0
G00861,Mert Ivanov,Turkish,Turkish,1,0
G00862,Irina Weber,Russian,Russian,2,0
G00863,Ece Müller,Turkish,Turkish,3,0
G00864,George Jones,British,English,5,1
G00865,Can Taylor,Turkish,Turkish,2,0
G00866,Harry Smith,British,English,4,0
G00867,Zeynep Demir,Turkish,Turkish,2,0
G00868,Ece Yılmaz,Turkish,Turkish,5,0
G00869,Sophie Smith,British,English,5,0
G00870,Zeynep Weber,Turkish,Turkish,1,0
G00871,Can Petrov,Turkish,Turkish,1,0
G00872,Ahmet Ivanov,Turkish,Turkish,4,1
G00873,James Wilson,British,English,2,0
G00874,Jack Dubois,British,English,3,0
G00875,Grace Öztürk,British,English,4,0
G00876,Oliver Kaya,British,English,3,0
G00877,Emre Dubois,Turkish,Turkish,2,0
G00878,Sophie Kaya,British,English,2,0
G00879,Jack Weber,British,English,3,0
G00880,Gabriel Martin,French,French,3,0
G00881,Sophie Kaya,British,English,3,0
G00882,Emre Öztürk,Turkish,Turkish,5,0
G00883,Buse Petrov,Turkish,Turkish,1,0
G00884,Harry Weber,British,English,5,0
G00885,Zeynep Yılmaz,Turkish,Turkish,3,0
G00886,Felix Taylor,German,German,4,1
G00887,Can Müller,Turkish,Turkish,2,0
G00888,Can Wilson,Turkish,Turkish,4,0
G00889,Lea Weber,French,French,2,0
G00890,Harry Dubois,British,English,3,0
G00891,Can Wilson,Turkish,Turkish,1,0
G00892,Emily Müller,British,English,2,0
G00893,Olga Smith,Russian,Russian,4,0
G00894,Sophie Yılmaz,British,English,5,1
G00895,Zeynep Taylor,Turkish,Turkish,2,0
G00896,Emma Martin,German,German,2,0
G00897,Camille Smirnov,French,French,2,0
G00898,Mehmet Taylor,Turkish,Turkish,3,0
G00899,Buse Demir,Turkish,Turkish,4,0
G00900,Lukas Yılmaz,German,German,5,1
G00901,Ahmet Martin,Turkish,Turkish,1,0
G00902,Mia Martin,German,German,5,0
G00903,Mert Smith,Turkish,Turkish,2,0
G00904,Mehmet Martin,Turkish,Turkish,2,0
G00905,Harry Weber,British,English,1,0
G00906,Anna Smirnov,Russian,Russian,1,0
G00907,Anna Şahin,German,German,3,0
G00908,Grace Ivanov,British,English,4,0
G00909,Zeynep Schmidt,Turkish,Turkish,4,0
G00910,Sophie Brown,British,English,1,1
G00911,Sophie Taylor,British,English,3,0
G00912,Elena Kaya,Russian,Russian,5,0
G00913,Mert Dubois,Turkish,Turkish,2,1
G00914,Mehmet Smirnov,Turkish,Turkish,4,0
G00915,Ayşe Ivanov,Turkish,Turkish,1,0
G00916,George Martin,British,English,3,0
G00917,Paul Şahin,German,German,4,0
G00918,Mert Smith,Turkish,Turkish,5,0
G00919,Jack Jones,British,English,5,0
G00920,Emre Demir,Turkish,Turkish,3,1
G00921,Jack Smith,British,English,3,1
G00922,Camille Yılmaz,French,French,3,0
G00923,Mehmet Schmidt,Turkish,Turkish,4,0
G00924,Zeynep Wilson,Turkish,Turkish,5,0
G00925,Olivia Ivanov,British,English,2,1
G00926,Emma Martin,British,English,3,0
G00927,Max Jones,German,German,1,0
G00928,Harry Weber,British,English,3,0
G00929,Ayşe Weber,Turkish,Turkish,2,0
G00930,Sophie Martin,British,English,4,0
G00931,Felix Schmidt,German,German,4,0
G00932,Elif Martin,Turkish,Turkish,3,0
G00933,Jack Smith,British,English,3,0
G00934,Max Öztürk,German,German,2,0
G00935,Max Kaya,German,German,2,0
G00936,Can Dubois,Turkish,Turkish,1,0
G00937,Nikolai Wilson,Russian,Russian,4,0
G00938,Emre Schmidt,Turkish,Turkish,4,0
G00939,Grace Kaya,British,English,2,0
G00940,Olivia Dubois,British,English,3,0
G00941,Laura Yılmaz,German,German,1,0
G00942,Elif Dubois,Turkish,Turkish,2,0
G00943,Emma Schmidt,British,English,1,0
G00944,Dmitri Taylor,Russian,Russian,3,0
G00945,Buse Kaya,Turkish,Turkish,1,0
G00946,Leon Smith,German,German,2,0
G00947,Anna Yılmaz,German,German,3,0
G00948,Can Jones,Turkish,Turkish,5,0
G00949,Mert Şahin,Turkish,Turkish,2,1
G00950,Manon Weber,French,French,3,0
G00951,George Taylor,British,English,2,0
G00952,George Smirnov,British,English,4,0
G00953,Buse Wilson,Turkish,Turkish,3,0
G00954,Emily Wilson,British,English,3,0
G00955,Irina Weber,Russian,Russian,3,0
G00956,Can Brown,Turkish,Turkish,3,0
G00957,Ahmet Wilson,Turkish,Turkish,1,0
G00958,Max Jones,German,German,3,0
G00959,Ahmet Yılmaz,Turkish,Turkish,2,0
G00960,Oliver Öztürk,British,English,3,0
G00961,Mert Smith,Turkish,Turkish,4,0
G00962,Emma Petrov,German,German,3,0
G00963,Can Öztürk,Turkish,Turkish,2,0
G00964,Dmitri Yılmaz,Russian,Russian,5,0
G00965,Buse Demir,Turkish,Turkish,2,0
G00966,Laura Dubois,German,German,3,0
G00967,Olivia Yılmaz,British,English,3,0
G00968,Sophie Wilson,British,English,2,0
G00969,Olivia Martin,British,English,4,0
G00970,Oliver Jones,British,English,3,0
G00971,Emma Wilson,British,English,2,0
G00972,Buse Jones,Turkish,Turkish,5,0
G00973,Jack Brown,British,English,4,0
G00974,Ayşe Müller,Turkish,Turkish,3,1
G00975,Gabriel Wilson,French,French,4,0
G00976,Can Martin,Turkish,Turkish,2,0
G00977,Ece Öztürk,Turkish,Turkish,5,0
G00978,Emma Smith,British,English,1,0
G00979,Ece Kaya,Turkish,Turkish,2,0
G00980,Emily Weber,British,English,4,0
G00981,Zeynep Wilson,Turkish,Turkish,2,0
G00982,Hugo Yılmaz,French,French,3,0
G00983,Manon Schmidt,French,French,3,0
G00984,Emily Kaya,British,English,1,0
G00985,Paul Kaya,German,German,4,0
G00986,Alexei Müller,Russian,Russian,4,0
G00987,Harry Weber,British,English,3,0
G00988,Mehmet Ivanov,Turkish,Turkish,2,0
G00989,Elif Şahin,Turkish,Turkish,4,0
G00990,Ece Yılmaz,Turkish,Turkish,4,0
G00991,Olivia Taylor,British,English,3,0
G00992,Lukas Müller,German,German,2,0
G00993,Grace Smith,British,English,3,0
G00994,Zeynep Martin,Turkish,Turkish,2,0
G00995,Elif Yılmaz,Turkish,Turkish,2,0
G00996,Oliver Petrov,British,English,3,0
G00997,Dmitri Yılmaz,Russian,Russian,4,0
G00998,Olivia Jones,British,English,2,0
G00999,Emma Brown,German,German,4,0
G01000,Ayşe Müller,Turkish,Turkish,2,0
G01001,Lukas Smith,German,German,1,0
G01002,Harry Şahin,British,English,3,1
G01003,George Şahin,British,English,3,1
G01004,Max Petrov,German,German,2,0
G01005,Grace Öztürk,British,English,1,0
G01006,Buse Smirnov,Turkish,Turkish,3,0
G01007,Alice Brown,French,French,3,0
G01008,Jack Wilson,British,English,2,0
G01009,Felix Brown,German,German,2,0
G01010,Zeynep Ivanov,Turkish,Turkish,1,0
G01011,Ahmet Taylor,Turkish,Turkish,5,0
G01012,James Brown,British,English,1,0
G01013,Mehmet Martin,Turkish,Turkish,3,0
G01014,Dmitri Smith,Russian,Russian,4,0
G01015,Jack Martin,British,English,4,0
G01016,Sophie Öztürk,German,German,2,0
G01017,Louis Weber,French,French,1,0
G01018,James Brown,British,English,3,0
G01019,Maria Şahin,Russian,Russian,2,0
G01020,Emily Schmidt,British,English,3,0
G01021,Ece Taylor,Turkish,Turkish,3,0
G01022,Emre Yılmaz,Turkish,Turkish,1,0
G01023,Emre Şahin,Turkish,Turkish,3,0
G01024,Harry Petrov,British,English,4,0
G01025,Mehmet Ivanov,Turkish,Turkish,1,0
G01026,Jack Schmidt,British,English,5,0
G01027,Can Ivanov,Turkish,Turkish,3,0
G01028,Mehmet Öztürk,Turkish,Turkish,2,0
G01029,Zeynep Weber,Turkish,Turkish,4,0
G01030,Sophie Schmidt,British,English,1,0
G01031,Emily Yılmaz,British,English,3,0
G01032,Mehmet Brown,Turkish,Turkish,4,0
G01033,Harry Martin,British,English,1,0
G01034,Ahmet Demir,Turkish,Turkish,3,0
G01035,Sophie Brown,British,English,3,0
G01036,George Öztürk,British,English,3,0
G01037,Olivia Müller,British,English,4,0
G01038,Ece Martin,Turkish,Turkish,4,0
G01039,Anna Şahin,German,German,3,0
G01040,Laura Jones,German,German,2,0
G01041,Ahmet Ivanov,Turkish,Turkish,2,1
G01042,Buse Taylor,Turkish,Turkish,3,1
G01043,Emily Öztürk,British,English,2,0
G01044,Emre Şahin,Turkish,Turkish,5,1
G01045,Ayşe Petrov,Turkish,Turkish,3,0
G01046,Lea Schmidt,French,French,3,0
G01047,Louis Petrov,French,French,3,0
G01048,Emma Ivanov,British,English,5,0
G01049,Buse Ivanov,Turkish,Turkish,3,0
G01050,Oliver Öztürk,British,English,4,0
G01051,Ahmet Smith,Turkish,Turkish,2,0
G01052,Emre Öztürk,Turkish,Turkish,2,0
G01053,Olivia Brown,British,English,5,0
G01054,Manon Kaya,French,French,2,0
G01055,Felix Dubois,German,German,2,0
G01056,James Ivanov,British,English,3,0
G01057,Emma Şahin,British,English,2,0
G01058,Mehmet Öztürk,Turkish,Turkish,4,0
G01059,Elif Ivanov,Turkish,Turkish,3,0
G01060,Ivan Weber,Russian,Russian,3,0
G01061,Lukas Petrov,German,German,3,0
G01062,Felix Ivanov,German,German,3,0
G01063,Mehmet Wilson,Turkish,Turkish,4,0
G01064,Mia Dubois,German,German,4,0
G01065,Felix Weber,German,German,3,0
G01066,Sophie Brown,British,English,3,0
G01067,Ahmet Smith,Turkish,Turkish,2,0
G01068,Olivia Müller,British,English,3,0
G01069,Elif Smith,Turkish,Turkish,3,0
G01070,Ece Öztürk,Turkish,Turkish,1,0
G01071,Emma Müller,British,English,3,0
G01072,Emre Ivanov,Turkish,Turkish,3,0
G01073,Mehmet Wilson,Turkish,Turkish,3,0
G01074,Olivia Smith,British,English,3,0
G01075,Zeynep Wilson,Turkish,Turkish,2,0
G01076,Leon Şahin,German,German,2,0
G01077,Emily Martin,British,English,5,0
G01078,Emma Smith,German,German,3,0
G01079,Max Müller,German,German,3,0
G01080,Elif Wilson,Turkish,Turkish,5,0
G01081,Elif Öztürk,Turkish,Turkish,2,0
G01082,Grace Müller,British,English,2,0
G01083,Mert Kaya,Turkish,Turkish,3,0
G01084,Ayşe Ivanov,Turkish,Turkish,3,0
G01085,Laura Öztürk,German,German,5,0
G01086,Elena Petrov,Russian,Russian,3,0
G01087,Sophie Şahin,German,German,1,0
G01088,Camille Weber,French,French,2,0
G01089,Ece Martin,Turkish,Turkish,3,0
G01090,Emma Schmidt,French,French,2,0
G01091,Mehmet Smirnov,Turkish,Turkish,4,0
G01092,George Brown,British,English,2,0
G01093,Paul Demir,German,German,4,0
G01094,Ahmet Kaya,Turkish,Turkish,2,0
G01095,Irina Weber,Russian,Russian,4,0
G01096,Buse Smirnov,Turkish,Turkish,3,1
G01097,Mert Wilson,Turkish,Turkish,1,0
G01098,Ahmet Demir,Turkish,Turkish,2,1
G01099,Olivia Martin,British,English,4,0
G01100,Emma Kaya,French,French,3,0
G01101,Emre Taylor,Turkish,Turkish,5,0
G01102,Sophie Weber,German,German,4,0
G01103,Emma Taylor,French,French,3,0
G01104,Harry Taylor,British,English,2,0
G01105,Felix Şahin,German,German,2,0
G01106,Zeynep Brown,Turkish,Turkish,3,0
G01107,Mehmet Kaya,Turkish,Turkish,3,0
G01108,Zeynep Schmidt,Turkish,Turkish,4,0
G01109,Ayşe Smith,Turkish,Turkish,4,0
G01110,Emre Yılmaz,Turkish,Turkish,4,0
G01111,Ahmet Şahin,Turkish,Turkish,2,0
G01112,Olivia Ivanov,British,English,4,0
G01113,Harry Wilson,British,English,3,0
G01114,Chloe Petrov,French,French,3,0
G01115,Mehmet Martin,Turkish,Turkish,4,0
G01116,Grace Öztürk,British,English,4,0
G01117,Mert Dubois,Turkish,Turkish,5,0
G01118,Felix Kaya,German,German,3,0
G01119,Mert Demir,Turkish,Turkish,3,0
G01120,Ece Ivanov,Turkish,Turkish,2,0
G01121,Emre Weber,Turkish,Turkish,3,0
G01122,Lukas Ivanov,German,German,3,0
G01123,Mehmet Yılmaz,Turkish,Turkish,3,1
G01124,Ivan Öztürk,Russian,Russian,5,0
G01125,Ahmet Martin,Turkish,Turkish,3,0
G01126,James Jones,British,English,2,0
G01127,Emre Müller,Turkish,Turkish,5,0
G01128,Paul Schmidt,German,German,5,0
G01129,James Müller,British,English,3,0
G01130,Ece Dubois,Turkish,Turkish,2,0
G01131,Ahmet Jones,Turkish,Turkish,5,0
G01132,Jack Jones,British,English,4,0
G01133,James Martin,British,English,3,1
G01134,Buse Ivanov,Turkish,Turkish,3,0
G01135,Zeynep Öztürk,Turkish,Turkish,1,0
G01136,Emily Petrov,British,English,4,0
G01137,Harry Ivanov,British,English,2,0
G01138,Mert Müller,Turkish,Turkish,2,0
G01139,Ayşe Wilson,Turkish,Turkish,2,0
G01140,Emma Wilson,German,German,3,0
G01141,Ayşe Kaya,Turkish,Turkish,3,0
G01142,Ece Demir,Turkish,Turkish,3,0
G01143,Nikolai Weber,Russian,Russian,4,0
G01144,Can Smirnov,Turkish,Turkish,3,0
G01145,Olivia Smith,British,English,2,0
G01146,Olivia Demir,British,English,3,0
G01147,Emily Schmidt,British,English,2,0
G01148,Ayşe Jones,Turkish,Turkish,3,0
G01149,Buse Wilson,Turkish,Turkish,3,0
G01150,Emre Taylor,Turkish,Turkish,2,0
G01151,Emma Martin,British,English,2,0
G01152,Emma Müller,British,English,4,0
G01153,Oliver Müller,British,English,4,0
G01154,Grace Taylor,British,English,1,0
G01155,Manon Ivanov,French,French,1,0
G01156,Lea Taylor,French,French,2,1
G01157,Gabriel Kaya,French,French,2,0
G01158,Ahmet Martin,Turkish,Turkish,3,0
G01159,Ayşe Jones,Turkish,Turkish,4,0
G01160,Sophie Smirnov,British,English,2,0
G01161,Laura Ivanov,German,German,3,0
G01162,James Smirnov,British,English,4,0
G01163,Can Weber,Turkish,Turkish,2,0
G01164,Irina Öztürk,Russian,Russian,3,0
G01165,Anna Brown,German,German,3,0
G01166,Can Martin,Turkish,Turkish,2,0
G01167,Emma Dubois,French,French,4,0
G01168,Max Demir,German,German,2,0
G01169,Hugo Müller,French,French,5,0
G01170,Jack Petrov,British,English,3,0
G01171,Emre Martin,Turkish,Turkish,2,0
G01172,Mehmet Wilson,Turkish,Turkish,4,0
G01173,Harry Demir,British,English,4,0
G01174,Ahmet Smith,Turkish,Turkish,5,0
G01175,Grace Petrov,British,English,2,0
G01176,Emma Jones,British,English,1,0
G01177,Emily Schmidt,British,English,5,0
G01178,Emma Weber,British,English,2,0
G01179,Sophie Kaya,British,English,3,0
G01180,Sophie Smith,German,German,3,0
G01181,Emma Öztürk,German,German,4,1
G01182,Harry Brown,British,English,1,0
G01183,Felix Demir,German,German,3,1
G01184,Sophie Dubois,British,English,4,0
G01185,Sophie Öztürk,British,English,5,0
G01186,Elif Martin,Turkish,Turkish,3,0
G01187,Anna Taylor,German,German,3,0
G01188,Paul Smirnov,German,German,2,0
G01189,Buse Petrov,Turkish,Turkish,4,0
G01190,Emma Müller,British,English,2,0
G01191,Can Wilson,Turkish,Turkish,3,0
G01192,Olga Öztürk,Russian,Russian,5,0
G01193,Chloe Dubois,French,French,3,0
G01194,Ece Yılmaz,Turkish,Turkish,4,0
G01195,Buse Müller,Turkish,Turkish,3,0
G01196,Mehmet Jones,Turkish,Turkish,4,0
G01197,Jack Petrov,British,English,3,0
G01198,Mert Yılmaz,Turkish,Turkish,5,0
G01199,Grace Weber,British,English,1,0
G01200,Anna Weber,Russian,Russian,2,0
G01201,Emre Taylor,Turkish,Turkish,3,1
G01202,Buse Müller,Turkish,Turkish,2,0
G01203,Mert Smith,Turkish,Turkish,3,0
G01204,Ayşe Taylor,Turkish,Turkish,4,0
G01205,Oliver Weber,British,English,3,0
G01206,Olivia Petrov,British,English,3,0
G01207,Ivan Weber,Russian,Russian,1,0
G01208,Olivia Ivanov,British,English,3,0
G01209,Ahmet Dubois,Turkish,Turkish,2,0
G01210,Nikolai Dubois,Russian,Russian,3,1
G01211,Mehmet Demir,Turkish,Turkish,3,0
G01212,Can Wilson,Turkish,Turkish,3,0
G01213,Sophie Petrov,German,German,4,0
G01214,Can Şahin,Turkish,Turkish,3,0
G01215,Buse Schmidt,Turkish,Turkish,1,0
G01216,Max Petrov,German,German,3,0
G01217,Max Brown,German,German,3,0
G01218,Alice Şahin,French,French,2,0
G01219,Lucas Şahin,French,French,3,0
G01220,Emma Weber,British,English,4,0
G01221,Mert Taylor,Turkish,Turkish,2,0
G01222,Mert Öztürk,Turkish,Turkish,3,0
G01223,Grace Kaya,British,English,3,0
G01224,Nikolai Smirnov,Russian,Russian,4,0
G01225,Mehmet Müller,Turkish,Turkish,4,0
G01226,Zeynep Smirnov,Turkish,Turkish,4,0
G01227,Max Yılmaz,German,German,3,0
G01228,Nikolai Wilson,Russian,Russian,4,0
G01229,Ayşe Şahin,Turkish,Turkish,4,0
G01230,Elif Smirnov,Turkish,Turkish,3,0
G01231,Zeynep Jones,Turkish,Turkish,1,0
G01232,Leon Wilson,German,German,4,0
G01233,Harry Taylor,British,English,4,0
G01234,Emily Şahin,British,English,3,0
G01235,Ayşe Müller,Turkish,Turkish,1,0
G01236,Emre Smith,Turkish,Turkish,1,0
G01237,Buse Brown,Turkish,Turkish,2,1
G01238,Emma Ivanov,French,French,5,0
G01239,Mia Dubois,German,German,4,0
G01240,Louis Petrov,French,French,2,0
G01241,Lukas Şahin,German,German,2,0
G01242,Felix Jones,German,German,1,0
G01243,Felix Wilson,German,German,2,0
G01244,Emre Smith,Turkish,Turkish,4,0
G01245,Emma Brown,French,French,3,0
G01246,Ayşe Kaya,Turkish,Turkish,2,0
G01247,Irina Petrov,Russian,Russian,3,0
G01248,Emma Ivanov,British,English,4,0
G01249,Elif Wilson,Turkish,Turkish,2,0
G01250,Anna Smirnov,German,German,5,0
G01251,George Smith,British,English,2,0
G01252,Zeynep Petrov,Turkish,Turkish,2,1
G01253,Emma Jones,British,English,3,0
G01254,Can Wilson,Turkish,Turkish,4,0
G01255,Lukas Wilson,German,German,3,0
G01256,Zeynep Taylor,Turkish,Turkish,4,0
G01257,Jack Taylor,British,English,3,0
G01258,Ayşe Brown,Turkish,Turkish,2,0
G01259,Max Smith,German,German,4,1
G01260,Anna Schmidt,German,German,3,0
G01261,Sophie Martin,British,English,2,0
G01262,Gabriel Petrov,French,French,3,0
G01263,Harry Wilson,British,English,2,0
G01264,Elif Jones,Turkish,Turkish,4,0
G01265,Elif Weber,Turkish,Turkish,3,0
G01266,Ece Brown,Turkish,Turkish,1,0
G01267,Mert Jones,Turkish,Turkish,2,0
G01268,Olivia Müller,British,English,3,0
G01269,Emily Weber,British,English,4,0
G01270,Mehmet Wilson,Turkish,Turkish,1,0
G01271,Sophie Öztürk,British,English,5,0
G01272,Zeynep Wilson,Turkish,Turkish,4,0
G01273,Grace Ivanov,British,English,5,0
G01274,Grace Jones,British,English,2,0
G01275,Emre Ivanov,Turkish,Turkish,2,0
G01276,Grace Ivanov,British,English,1,0
G01277,Sophie Wilson,British,English,4,0
G01278,Camille Wilson,French,French,4,0
G01279,Emre Schmidt,Turkish,Turkish,3,0
G01280,Buse Brown,Turkish,Turkish,4,0
G01281,Ahmet Brown,Turkish,Turkish,3,0
G01282,Ece Wilson,Turkish,Turkish,2,0
G01283,Ayşe Şahin,Turkish,Turkish,3,0
G01284,Buse Weber,Turkish,Turkish,2,0
G01285,Nikolai Öztürk,Russian,Russian,5,1
G01286,Harry Petrov,British,English,3,0
G01287,Ece Öztürk,Turkish,Turkish,4,0
G01288,Elif Ivanov,Turkish,Turkish,3,0
G01289,Harry Weber,British,English,1,0
G01290,Can Taylor,Turkish,Turkish,3,0
G01291,Buse Demir,Turkish,Turkish,2,1
G01292,Emily Smith,British,English,3,0
G01293,Buse Dubois,Turkish,Turkish,4,0
G01294,Emily Öztürk,British,English,3,0
G01295,Elif Schmidt,Turkish,Turkish,1,0
G01296,Grace Kaya,British,English,4,0
G01297,Olivia Dubois,British,English,4,0
G01298,Mehmet Ivanov,Turkish,Turkish,5,0
G01299,Max Dubois,German,German,4,0
G01300,Emily Martin,British,English,1,0
G01301,Ayşe Ivanov,Turkish,Turkish,3,0
G01302,Ayşe Petrov,Turkish,Turkish,4,0
G01303,Zeynep Şahin,Turkish,Turkish,2,0
G01304,Olivia Müller,British,English,4,0
G01305,Grace Wilson,British,English,2,0
G01306,Zeynep Jones,Turkish,Turkish,2,0
G01307,Mert Müller,Turkish,Turkish,2,0
G01308,Emre Demir,Turkish,Turkish,4,1
G01309,Jack Taylor,British,English,2,1
G01310,Zeynep Weber,Turkish,Turkish,3,0
G01311,Sophie Şahin,British,English,2,0
G01312,George Kaya,British,English,3,0
G01313,Emma Demir,German,German,3,0
G01314,Ahmet Ivanov,Turkish,Turkish,1,1
G01315,Mehmet Taylor,Turkish,Turkish,4,0
G01316,Paul Weber,German,German,5,0
G01317,Grace Taylor,British,English,2,0
G01318,Alice Weber,French,French,4,0
G01319,Zeynep Yılmaz,Turkish,Turkish,3,0
G01320,Buse Brown,Turkish,Turkish,3,0
G01321,Buse Taylor,Turkish,Turkish,1,0
G01322,Buse Yılmaz,Turkish,Turkish,1,0
G01323,Emma Weber,British,English,2,0
G01324,Oliver Schmidt,British,English,2,0
G01325,Oliver Yılmaz,British,English,3,0
G01326,Harry Kaya,British,English,3,0
G01327,Emre Petrov,Turkish,Turkish,2,0
G01328,Mehmet Schmidt,Turkish,Turkish,3,0
G01329,Sophie Demir,British,English,5,0
G01330,Oliver Yılmaz,British,English,2,0
G01331,Alexei Martin,Russian,Russian,4,0
G01332,Mia Smirnov,German,German,2,0
G01333,Mehmet Kaya,Turkish,Turkish,2,0
G01334,Zeynep Petrov,Turkish,Turkish,2,0
G01335,Ayşe Martin,Turkish,Turkish,3,0
G01336,Oliver Weber,British,English,2,0
G01337,Can Öztürk,Turkish,Turkish,3,1
G01338,Zeynep Brown,Turkish,Turkish,1,0
G01339,Can Müller,Turkish,Turkish,4,0
G01340,James Smirnov,British,English,5,0
G01341,Ayşe Jones,Turkish,Turkish,2,0
G01342,Max Weber,German,German,2,0
G01343,Emre Schmidt,Turkish,Turkish,5,0
G01344,Ece Öztürk,Turkish,Turkish,3,0
G01345,Olivia Jones,British,English,1,0
G01346,Anna Şahin,Russian,Russian,2,0
G01347,Can Dubois,Turkish,Turkish,2,0
G01348,Harry Müller,British,English,3,0
G01349,Ahmet Martin,Turkish,Turkish,5,0
G01350,Mehmet Öztürk,Turkish,Turkish,1,0
G01351,Felix Dubois,German,German,3,0
G01352,Emma Demir,British,English,1,0
G01353,Buse Smith,Turkish,Turkish,3,0
G01354,Harry Taylor,British,English,3,0
G01355,Can Brown,Turkish,Turkish,2,0
G01356,Mehmet Petrov,Turkish,Turkish,3,1
G01357,Mert Wilson,Turkish,Turkish,4,0
G01358,Buse Brown,Turkish,Turkish,2,0
G01359,James Smith,British,English,2,0
G01360,Nikolai Smirnov,Russian,Russian,5,0
G01361,Jack Şahin,British,English,2,0
G01362,George Yılmaz,British,English,3,0
G01363,Elif Smirnov,Turkish,Turkish,3,0
G01364,Emre Şahin,Turkish,Turkish,3,0
G01365,Grace Brown,British,English,3,0
G01366,Harry Wilson,British,English,5,0
G01367,Ahmet Yılmaz,Turkish,Turkish,3,0
G01368,Ahmet Müller,Turkish,Turkish,5,0
G01369,George Brown,British,English,4,0
G01370,Emma Martin,German,German,2,0
G01371,Ahmet Petrov,Turkish,Turkish,2,0
G01372,Emma Wilson,German,German,3,0
G01373,Grace Yılmaz,British,English,2,0
G01374,Emily Yılmaz,British,English,2,0
G01375,Olivia Taylor,British,English,3,0
G01376,Ece Schmidt,Turkish,Turkish,2,0
G01377,Mehmet Wilson,Turkish,Turkish,2,0
G01378,Mehmet Öztürk,Turkish,Turkish,4,0
G01379,Ece Brown,Turkish,Turkish,5,0
G01380,Elif Şahin,Turkish,Turkish,4,0
G01381,Zeynep Wilson,Turkish,Turkish,5,0
G01382,Anna Schmidt,German,German,2,0
G01383,Zeynep Jones,Turkish,Turkish,2,0
G01384,George Smith,British,English,5,0
G01385,Ece Şahin,Turkish,Turkish,2,1
G01386,James Şahin,British,English,1,0
G01387,Manon Petrov,French,French,1,0
G01388,Paul Brown,German,German,3,0
G01389,Mert Brown,Turkish,Turkish,3,0
G01390,Can Öztürk,Turkish,Turkish,4,0
G01391,Felix Dubois,German,German,1,0
G01392,Emily Dubois,British,English,1,0
G01393,Oliver Smirnov,British,English,3,0
G01394,Sophie Öztürk,German,German,4,0
G01395,Emre Yılmaz,Turkish,Turkish,4,0
G01396,Paul Jones,German,German,3,0
G01397,Buse Martin,Turkish,Turkish,4,0
G01398,Buse Weber,Turkish,Turkish,3,0
G01399,Lukas Dubois,German,German,2,0
G01400,Sophie Kaya,British,English,3,0
G01401,Emre Schmidt,Turkish,Turkish,3,0
G01402,Olivia Brown,British,English,2,0
G01403,Paul Kaya,German,German,5,0
G01404,Elif Wilson,Turkish,Turkish,1,0
G01405,Elif Brown,Turkish,Turkish,3,0
G01406,Mert Ivanov,Turkish,Turkish,3,0
G01407,Sophie Wilson,British,English,4,0
G01408,Mehmet Weber,Turkish,Turkish,2,0
G01409,Zeynep Kaya,Turkish,Turkish,2,0
G01410,Buse Martin,Turkish,Turkish,4,1
G01411,Ece Yılmaz,Turkish,Turkish,4,0
G01412,Emma Öztürk,British,English,2,0
G01413,Ahmet Dubois,Turkish,Turkish,3,0
G01414,Mert Ivanov,Turkish,Turkish,3,0
G01415,Ayşe Jones,Turkish,Turkish,3,1
G01416,Mehmet Müller,Turkish,Turkish,5,0
G01417,Emre Brown,Turkish,Turkish,1,0
G01418,Zeynep Jones,Turkish,Turkish,3,1
G01419,Sophie Dubois,British,English,3,0
G01420,Zeynep Ivanov,Turkish,Turkish,3,1
G01421,Emre Wilson,Turkish,Turkish,3,0
G01422,Emma Dubois,British,English,4,0
G01423,Emre Öztürk,Turkish,Turkish,2,0
G01424,Emma Brown,British,English,3,0
G01425,Buse Schmidt,Turkish,Turkish,3,0
G01426,Emily Smith,British,English,4,0
G01427,Elif Jones,Turkish,Turkish,3,0
G01428,George Öztürk,British,English,4,0
G01429,Mert Yılmaz,Turkish,Turkish,3,0
G01430,Lukas Yılmaz,German,German,4,0
G01431,Lukas Taylor,German,German,3,0
G01432,Emily Petrov,British,English,1,0
G01433,Emre Dubois,Turkish,Turkish,2,0
G01434,Jack Schmidt,British,English,4,0
G01435,Max Taylor,German,German,1,0
G01436,Oliver Dubois,British,English,1,0
G01437,Ahmet Taylor,Turkish,Turkish,3,0
G01438,Ahmet Jones,Turkish,Turkish,2,1
G01439,Grace Brown,British,English,2,0
G01440,Emre Kaya,Turkish,Turkish,3,0
G01441,Elif Dubois,Turkish,Turkish,2,0
G01442,George Weber,British,English,2,0
G01443,Sophie Yılmaz,British,English,4,0
G01444,Elif Ivanov,Turkish,Turkish,2,0
G01445,Laura Jones,German,German,2,0
G01446,Mert Öztürk,Turkish,Turkish,5,0
G01447,Grace Yılmaz,British,English,5,0
G01448,Emma Demir,British,English,2,0
G01449,Ayşe Martin,Turkish,Turkish,3,0
G01450,Ivan Petrov,Russian,Russian,3,0
G01451,Ahmet Smirnov,Turkish,Turkish,4,0
G01452,Grace Kaya,British,English,4,0
G01453,Elif Petrov,Turkish,Turkish,4,0
G01454,Elena Ivanov,Russian,Russian,2,0
G01455,Zeynep Demir,Turkish,Turkish,1,0
G01456,Elif Martin,Turkish,Turkish,5,0
G01457,Paul Taylor,German,German,3,0
G01458,Jack Smith,British,English,2,0
G01459,Olivia Weber,British,English,5,0
G01460,Emre Schmidt,Turkish,Turkish,3,0
G01461,Buse Öztürk,Turkish,Turkish,3,0
G01462,Buse Yılmaz,Turkish,Turkish,2,0
G01463,James Öztürk,British,English,3,0
G01464,James Petrov,British,English,3,0
G01465,Jack Wilson,British,English,4,0
G01466,Max Yılmaz,German,German,4,1
G01467,Elif Smirnov,Turkish,Turkish,2,0
G01468,Zeynep Ivanov,Turkish,Turkish,2,0
G01469,Emre Smith,Turkish,Turkish,2,1
G01470,Mia Kaya,German,German,2,0
G01471,Zeynep Brown,Turkish,Turkish,2,0
G01472,Mehmet Müller,Turkish,Turkish,2,0
G01473,Jack Petrov,British,English,2,0
G01474,Irina Öztürk,Russian,Russian,4,0
G01475,Emre Smith,Turkish,Turkish,4,0
G01476,Sophie Weber,German,German,1,0
G01477,Manon Ivanov,French,French,5,0
G01478,Elif Müller,Turkish,Turkish,2,0
G01479,Emily Petrov,British,English,3,0
G01480,Alexei Weber,Russian,Russian,3,0
G01481,Buse Taylor,Turkish,Turkish,1,0
G01482,Emma Taylor,British,English,1,0
G01483,Buse Müller,Turkish,Turkish,3,0
G01484,Emre Şahin,Turkish,Turkish,1,0
G01485,Mehmet Öztürk,Turkish,Turkish,2,0
G01486,Mehmet Yılmaz,Turkish,Turkish,3,0
G01487,Harry Petrov,British,English,5,0
G01488,Buse Smith,Turkish,Turkish,2,0
G01489,Emily Martin,British,English,3,0
G01490,James Kaya,British,English,4,0
G01491,Jack Öztürk,British,English,2,0
G01492,Jack Kaya,British,English,2,0
G01493,Manon Dubois,French,French,5,0
G01494,Mert Jones,Turkish,Turkish,3,0
G01495,James Smirnov,British,English,3,0
G01496,Harry Smith,British,English,2,0
G01497,Emma Weber,British,English,1,1
G01498,Gabriel Kaya,French,French,2,1
G01499,George Weber,British,English,2,0
G01500,Gabriel Petrov,French,French,2,0
G01501,Can Müller,Turkish,Turkish,2,0
G01502,Harry Yılmaz,British,English,2,0
G01503,Lukas Smirnov,German,German,3,0
G01504,Mert Öztürk,Turkish,Turkish,2,0
G01505,Emma Martin,British,English,3,0
G01506,Mert Müller,Turkish,Turkish,3,0
G01507,Camille Smirnov,French,French,2,0
G01508,Zeynep Kaya,Turkish,Turkish,3,0
G01509,Ayşe Taylor,Turkish,Turkish,2,0
G01510,Elena Öztürk,Russian,Russian,2,0
G01511,Mehmet Martin,Turkish,Turkish,1,0
G01512,Grace Wilson,British,English,3,0
G01513,Mehmet Şahin,Turkish,Turkish,5,0
G01514,James Ivanov,British,English,2,0
G01515,Emma Müller,British,English,2,0
G01516,Emma Brown,German,German,5,0
G01517,Mert Brown,Turkish,Turkish,4,0
G01518,Gabriel Wilson,French,French,1,0
G01519,Emma Weber,French,French,4,0
G01520,Jack Dubois,British,English,4,0
G01521,Olivia Smith,British,English,3,0
G01522,George Ivanov,British,English,5,0
G01523,George Şahin,British,English,4,1
G01524,Mehmet Dubois,Turkish,Turkish,3,0
G01525,Emma Dubois,German,German,2,0
G01526,George Martin,British,English,3,1
G01527,Ahmet Brown,Turkish,Turkish,3,0
G01528,Zeynep Petrov,Turkish,Turkish,2,0
G01529,Ahmet Wilson,Turkish,Turkish,3,0
G01530,Mert Şahin,Turkish,Turkish,1,0
G01531,Dmitri Ivanov,Russian,Russian,2,0
G01532,Anna Smirnov,Russian,Russian,4,0
G01533,Emily Smirnov,British,English,2,1
G01534,Jack Demir,British,English,3,0
G01535,Mert Taylor,Turkish,Turkish,2,1
G01536,Can Weber,Turkish,Turkish,3,0
G01537,Zeynep Ivanov,Turkish,Turkish,2,0
G01538,George Taylor,British,English,2,0
G01539,Buse Dubois,Turkish,Turkish,4,0
G01540,Mehmet Jones,Turkish,Turkish,3,0
G01541,Zeynep Taylor,Turkish,Turkish,4,0
G01542,Zeynep Yılmaz,Turkish,Turkish,4,0
G01543,Emily Schmidt,British,English,2,0
G01544,George Schmidt,British,English,4,1
G01545,Anna Brown,Russian,Russian,3,0
G01546,Elif Smirnov,Turkish,Turkish,3,0
G01547,Mia Jones,German,German,1,0
G01548,Emre Dubois,Turkish,Turkish,1,0
G01549,Harry Wilson,British,English,3,0
G01550,Anna Wilson,German,German,1,0
G01551,Mert Martin,Turkish,Turkish,3,0
G01552,Olivia Öztürk,British,English,3,0
G01553,Can Yılmaz,Turkish,Turkish,5,0
G01554,Emre Öztürk,Turkish,Turkish,1,0
G01555,Leon Öztürk,German,German,5,0
G01556,Harry Dubois,British,English,3,1
G01557,James Ivanov,British,English,4,0
G01558,Olivia Schmidt,British,English,1,1
G01559,Mert Brown,Turkish,Turkish,5,0
G01560,Mert Jones,Turkish,Turkish,1,0
G01561,Grace Schmidt,British,English,2,0
G01562,Mia Smirnov,German,German,2,0
G01563,Can Brown,Turkish,Turkish,4,0
G01564,Anna Wilson,German,German,3,0
G01565,Ece Weber,Turkish,Turkish,3,0
G01566,Mehmet Brown,Turkish,Turkish,5,0
G01567,Felix Kaya,German,German,2,0
G01568,Zeynep Weber,Turkish,Turkish,3,0
G01569,Louis Müller,French,French,2,0
G01570,Ahmet Schmidt,Turkish,Turkish,2,0
G01571,Mehmet Demir,Turkish,Turkish,1,0
G01572,Nikolai Şahin,Russian,Russian,2,0
G01573,Leon Kaya,German,German,2,0
G01574,Emre Smirnov,Turkish,Turkish,2,0
G01575,Ahmet Jones,Turkish,Turkish,1,1
G01576,Buse Martin,Turkish,Turkish,3,0
G01577,Felix Schmidt,German,German,1,0
G01578,Olga Wilson,Russian,Russian,2,0
G01579,Mehmet Yılmaz,Turkish,Turkish,3,0
G01580,Lukas Demir,German,German,3,0
G01581,Dmitri Dubois,Russian,Russian,3,0
G01582,Max Yılmaz,German,German,3,0
G01583,Emma Yılmaz,German,German,3,0
G01584,Jack Jones,British,English,4,0
G01585,Lucas Weber,French,French,2,0
G01586,Ayşe Dubois,Turkish,Turkish,2,0
G01587,Emre Weber,Turkish,Turkish,2,0
G01588,Buse Jones,Turkish,Turkish,1,1
G01589,Lukas Petrov,German,German,1,0
G01590,Paul Ivanov,German,German,2,0
G01591,Max Jones,German,German,5,0
G01592,Jack Kaya,British,English,2,0
G01593,Jack Schmidt,British,English,1,0
G01594,Emre Demir,Turkish,Turkish,2,0
G01595,Ece Kaya,Turkish,Turkish,1,0
G01596,Olivia Ivanov,British,English,5,0
G01597,Ece Martin,Turkish,Turkish,2,0
G01598,Jack Weber,British,English,3,1
G01599,Buse Öztürk,Turkish,Turkish,5,0
G01600,Lucas Smirnov,French,French,1,0
G01601,Jack Jones,British,English,1,0
G01602,Lucas Jones,French,French,4,0
G01603,Oliver Jones,British,English,3,1
G01604,Oliver Demir,British,English,3,0
G01605,Anna Smirnov,German,German,2,0
G01606,Emre Brown,Turkish,Turkish,4,0
G01607,Mehmet Wilson,Turkish,Turkish,3,0
G01608,Olivia Öztürk,British,English,3,0
G01609,Ahmet Petrov,Turkish,Turkish,2,0
G01610,Ece Martin,Turkish,Turkish,4,0
G01611,Emre Smirnov,Turkish,Turkish,4,0
G01612,Buse Demir,Turkish,Turkish,4,0
G01613,Emily Schmidt,British,English,4,0
G01614,Mehmet Martin,Turkish,Turkish,4,0
G01615,Emma Şahin,British,English,3,0
G01616,Ece Yılmaz,Turkish,Turkish,3,0
G01617,Emma Schmidt,German,German,3,0
G01618,Can Martin,Turkish,Turkish,4,0
G01619,Elena Smirnov,Russian,Russian,2,0
G01620,Buse Yılmaz,Turkish,Turkish,3,0
G01621,Ece Dubois,Turkish,Turkish,3,0
G01622,Emre Öztürk,Turkish,Turkish,2,0
G01623,James Smith,British,English,2,0
G01624,Emma Ivanov,German,German,3,0
G01625,Olivia Demir,British,English,5,0
G01626,Olivia Brown,British,English,3,0
G01627,Ahmet Ivanov,Turkish,Turkish,2,0
G01628,Ayşe Ivanov,Turkish,Turkish,3,0
G01629,Lea Smirnov,French,French,1,1
G01630,Ayşe Müller,Turkish,Turkish,2,0
G01631,Dmitri Brown,Russian,Russian,3,0
G01632,Ahmet Schmidt,Turkish,Turkish,3,0
G01633,Hugo Wilson,French,French,2,0
G01634,Ahmet Ivanov,Turkish,Turkish,1,0
G01635,Buse Smirnov,Turkish,Turkish,2,1
G01636,Elif Martin,Turkish,Turkish,4,0
G01637,George Şahin,British,English,3,0
G01638,Ahmet Weber,Turkish,Turkish,3,0
G01639,Sophie Ivanov,German,German,1,0
G01640,Can Şahin,Turkish,Turkish,5,0
G01641,Emily Müller,British,English,4,0
G01642,Irina Wilson,Russian,Russian,1,0
G01643,Buse Schmidt,Turkish,Turkish,5,0
G01644,Emily Brown,British,English,3,0
G01645,Ece Petrov,Turkish,Turkish,5,0
G01646,Mert Demir,Turkish,Turkish,2,0
G01647,Anna Petrov,Russian,Russian,4,0
G01648,Mehmet Smith,Turkish,Turkish,4,0
G01649,Emre Schmidt,Turkish,Turkish,4,0
G01650,Ece Petrov,Turkish,Turkish,4,1
G01651,Emily Yılmaz,British,English,3,0
G01652,Elif Brown,Turkish,Turkish,3,0
G01653,James Brown,British,English,3,0
G01654,Paul Ivanov,German,German,1,0
G01655,Leon Müller,German,German,3,0
G01656,Olivia Öztürk,British,English,5,0
G01657,Lukas Öztürk,German,German,1,1
G01658,Lukas Wilson,German,German,2,0
G01659,Buse Smirnov,Turkish,Turkish,2,0
G01660,Leon Öztürk,German,German,3,0
G01661,Paul Ivanov,German,German,4,0
G01662,Anna Şahin,German,German,3,0
G01663,Emre Martin,Turkish,Turkish,3,0
G01664,Mert Ivanov,Turkish,Turkish,3,0
G01665,Zeynep Smith,Turkish,Turkish,3,0
G01666,Emma Schmidt,British,English,1,1
G01667,Hugo Smirnov,French,French,5,0
G01668,Laura Öztürk,German,German,5,0
G01669,Emre Ivanov,Turkish,Turkish,3,0
G01670,Gabriel Kaya,French,French,5,0
G01671,Leon Weber,German,German,3,0
G01672,Oliver Jones,British,English,2,1
G01673,Paul Martin,German,German,4,0
G01674,Zeynep Wilson,Turkish,Turkish,1,0
G01675,Zeynep Petrov,Turkish,Turkish,2,0
G01676,Emily Öztürk,British,English,2,0
G01677,Ayşe Öztürk,Turkish,Turkish,3,0
G01678,Can Yılmaz,Turkish,Turkish,3,1
G01679,Elif Şahin,Turkish,Turkish,2,0
G01680,George Dubois,British,English,5,0
G01681,Jack Weber,British,English,2,0
G01682,Paul Brown,German,German,2,0
G01683,Zeynep Şahin,Turkish,Turkish,3,0
G01684,Emma Smirnov,French,French,1,0
G01685,Hugo Schmidt,French,French,3,0
G01686,Elif Schmidt,Turkish,Turkish,5,0
G01687,Alice Petrov,French,French,1,0
G01688,George Weber,British,English,2,0
G01689,Jack Şahin,British,English,3,0
G01690,Sofia Kaya,Russian,Russian,3,0
G01691,Elif Ivanov,Turkish,Turkish,4,1
G01692,Sophie Martin,German,German,1,1
G01693,Zeynep Weber,Turkish,Turkish,2,0
G01694,Emily Petrov,British,English,4,0
G01695,Anna Müller,Russian,Russian,3,0
G01696,Can Brown,Turkish,Turkish,4,0
G01697,Can Demir,Turkish,Turkish,5,0
G01698,Zeynep Smith,Turkish,Turkish,3,1
G01699,Can Jones,Turkish,Turkish,5,0
G01700,Laura Petrov,German,German,2,0
G01701,Jack Müller,British,English,1,0
G01702,Elif Yılmaz,Turkish,Turkish,2,1
G01703,Sofia Wilson,Russian,Russian,2,0
G01704,Laura Smith,German,German,2,0
G01705,Emma Demir,German,German,3,0
G01706,Ece Smirnov,Turkish,Turkish,4,0
G01707,Mert Yılmaz,Turkish,Turkish,2,0
G01708,Oliver Petrov,British,English,4,0
G01709,Mia Brown,German,German,2,0
G01710,Anna Taylor,Russian,Russian,2,0
G01711,Ece Ivanov,Turkish,Turkish,4,0
G01712,Laura Müller,German,German,5,0
G01713,Ayşe Weber,Turkish,Turkish,2,0
G01714,Oliver Martin,British,English,3,0
G01715,Emma Demir,British,English,4,0
G01716,Ayşe Dubois,Turkish,Turkish,2,0
G01717,Ece Taylor,Turkish,Turkish,4,0
G01718,Elif Brown,Turkish,Turkish,3,0
G01719,James Müller,British,English,5,0
G01720,Buse Smirnov,Turkish,Turkish,2,0
G01721,Lukas Brown,German,German,2,1
G01722,Maria Wilson,Russian,Russian,2,0
G01723,Oliver Yılmaz,British,English,3,0
G01724,Ayşe Öztürk,Turkish,Turkish,1,0
G01725,Elena Martin,Russian,Russian,2,0
G01726,Grace Dubois,British,English,4,0
G01727,Emma Ivanov,British,English,2,0
G01728,Ece Jones,Turkish,Turkish,2,0
G01729,Can Martin,Turkish,Turkish,2,0
G01730,Zeynep Şahin,Turkish,Turkish,4,0
G01731,Mert Demir,Turkish,Turkish,4,0
G01732,Paul Demir,German,German,3,0
G01733,Elif Şahin,Turkish,Turkish,2,0
G01734,Mert Öztürk,Turkish,Turkish,2,0
G01735,Emma Petrov,British,English,4,0
G01736,Ayşe Martin,Turkish,Turkish,3,0
G01737,Emma Schmidt,British,English,4,0
G01738,Mert Weber,Turkish,Turkish,5,0
G01739,Mia Ivanov,German,German,2,0
G01740,Ayşe Petrov,Turkish,Turkish,4,0
G01741,Paul Jones,German,German,4,0
G01742,Paul Müller,German,German,1,0
G01743,Buse Yılmaz,Turkish,Turkish,1,0
G01744,Elif Ivanov,Turkish,Turkish,1,0
G01745,Sophie Taylor,British,English,2,0
G01746,Emily Smith,British,English,3,0
G01747,Buse Wilson,Turkish,Turkish,3,0
G01748,Ahmet Taylor,Turkish,Turkish,2,0
G01749,James Schmidt,British,English,2,0
G01750,Ivan Weber,Russian,Russian,2,0
G01751,Zeynep Petrov,Turkish,Turkish,5,0
G01752,Zeynep Kaya,Turkish,Turkish,3,0
G01753,Emily Yılmaz,British,English,2,0
G01754,Max Schmidt,German,German,1,0
G01755,James Brown,British,English,2,0
G01756,Jack Demir,British,English,4,0
G01757,Emma Wilson,British,English,3,0
G01758,Felix Wilson,German,German,3,0
G01759,Can Brown,Turkish,Turkish,2,0
G01760,Sophie Kaya,British,English,4,0
G01761,James Taylor,British,English,3,0
G01762,Buse Martin,Turkish,Turkish,3,0
G01763,Elif Martin,Turkish,Turkish,4,0
G01764,Oliver Öztürk,British,English,3,0
G01765,Emre Demir,Turkish,Turkish,2,0
G01766,Ece Şahin,Turkish,Turkish,2,0
G01767,Mehmet Taylor,Turkish,Turkish,4,0
G01768,Buse Wilson,Turkish,Turkish,3,0
G01769,Mehmet Taylor,Turkish,Turkish,4,1
G01770,Oliver Şahin,British,English,3,0
G01771,Jack Öztürk,British,English,3,0
G01772,Sophie Brown,British,English,3,0
G01773,Oliver Schmidt,British,English,4,0
G01774,Emre Şahin,Turkish,Turkish,3,0
G01775,Emma Martin,German,German,1,0
G01776,Lukas Jones,German,German,4,0
G01777,Elif Wilson,Turkish,Turkish,4,0
G01778,Emily Smith,British,English,1,0
G01779,Paul Petrov,German,German,4,0
G01780,George Weber,British,English,5,0
G01781,Grace Öztürk,British,English,2,0
G01782,Olivia Schmidt,British,English,5,0
G01783,Buse Schmidt,Turkish,Turkish,2,0
G01784,Buse Yılmaz,Turkish,Turkish,2,0
G01785,Buse Smith,Turkish,Turkish,3,0
G01786,Can Kaya,Turkish,Turkish,5,1
G01787,Can Wilson,Turkish,Turkish,4,0
G01788,Grace Müller,British,English,2,0
G01789,Lukas Ivanov,German,German,2,0
G01790,Zeynep Taylor,Turkish,Turkish,2,0
G01791,Grace Ivanov,British,English,3,0
G01792,Mert Smith,Turkish,Turkish,2,0
G01793,Ahmet Dubois,Turkish,Turkish,2,0
G01794,Ece Yılmaz,Turkish,Turkish,2,0
G01795,Elif Smith,Turkish,Turkish,3,0
G01796,Buse Smith,Turkish,Turkish,2,0
G01797,James Jones,British,English,4,0
G01798,Elif Müller,Turkish,Turkish,4,0
G01799,Ayşe Schmidt,Turkish,Turkish,3,0
G01800,Emma Smith,German,German,5,0
G01801,Max Şahin,German,German,5,0
G01802,Mia Weber,German,German,2,0
G01803,Anna Demir,German,German,1,0
G01804,Grace Weber,British,English,4,0
G01805,George Smirnov,British,English,1,0
G01806,Emre Öztürk,Turkish,Turkish,3,0
G01807,Buse Kaya,Turkish,Turkish,2,0
G01808,Oliver Şahin,British,English,4,0
G01809,Zeynep Smith,Turkish,Turkish,5,0
G01810,Sophie Petrov,German,German,2,0
G01811,Harry Demir,British,English,4,0
G01812,Sophie Öztürk,British,English,3,0
G01813,James Öztürk,British,English,2,0
G01814,Buse Müller,Turkish,Turkish,4,0
G01815,Emre Ivanov,Turkish,Turkish,4,0
G01816,George Petrov,British,English,3,0
G01817,Olivia Wilson,British,English,4,0
G01818,Elif Taylor,Turkish,Turkish,3,0
G01819,Grace Yılmaz,British,English,3,0
G01820,Emma Şahin,British,English,1,0
G01821,Harry Wilson,British,English,2,0
G01822,Ece Öztürk,Turkish,Turkish,3,0
G01823,Zeynep Martin,Turkish,Turkish,2,0
G01824,Zeynep Kaya,Turkish,Turkish,2,0
G01825,Emre Demir,Turkish,Turkish,3,1
G01826,Jack Şahin,British,English,5,0
G01827,Ece Ivanov,Turkish,Turkish,3,0
G01828,Leon Taylor,German,German,4,0
G01829,George Müller,British,English,2,0
G01830,Emre Smith,Turkish,Turkish,3,0
G01831,Emre Kaya,Turkish,Turkish,3,0
G01832,Grace Weber,British,English,4,0
G01833,Elif Schmidt,Turkish,Turkish,3,0
G01834,Elif Smirnov,Turkish,Turkish,5,0
G01835,Buse Wilson,Turkish,Turkish,3,1
G01836,Sophie Martin,German,German,4,0
G01837,Ahmet Taylor,Turkish,Turkish,4,0
G01838,Jack Taylor,British,English,3,1
G01839,Max Demir,German,German,1,0
G01840,Elena Taylor,Russian,Russian,3,0
G01841,Lukas Yılmaz,German,German,4,0
G01842,George Öztürk,British,English,3,0
G01843,Maria Weber,Russian,Russian,3,0
G01844,Mehmet Weber,Turkish,Turkish,4,0
G01845,Ece Kaya,Turkish,Turkish,3,0
G01846,George Brown,British,English,3,0
G01847,James Taylor,British,English,3,0
G01848,Ahmet Taylor,Turkish,Turkish,3,0
G01849,Emre Demir,Turkish,Turkish,3,0
G01850,Laura Demir,German,German,1,0
G01851,Sophie Jones,British,English,3,0
G01852,Elif Schmidt,Turkish,Turkish,4,0
G01853,Anna Yılmaz,German,German,4,0
G01854,Max Müller,German,German,3,0
G01855,Jack Müller,British,English,2,0
G01856,Grace Wilson,British,English,2,0
G01857,Elif Petrov,Turkish,Turkish,3,0
G01858,Oliver Taylor,British,English,3,0
G01859,Lea Petrov,French,French,2,0
G01860,Harry Öztürk,British,English,3,0
G01861,Sophie Weber,British,English,1,0
G01862,Ece Taylor,Turkish,Turkish,3,0
G01863,Grace Öztürk,British,English,4,0
G01864,Ece Yılmaz,Turkish,Turkish,3,0
G01865,Zeynep Dubois,Turkish,Turkish,2,0
G01866,Mehmet Müller,Turkish,Turkish,2,0
G01867,Elif Dubois,Turkish,Turkish,3,0
G01868,Emma Demir,German,German,3,0
G01869,Oliver Şahin,British,English,1,0
G01870,Ahmet Yılmaz,Turkish,Turkish,4,0
G01871,Maria Şahin,Russian,Russian,3,0
G01872,Buse Jones,Turkish,Turkish,1,0
G01873,Zeynep Taylor,Turkish,Turkish,2,0
G01874,George Taylor,British,English,3,0
G01875,Buse Demir,Turkish,Turkish,3,0
G01876,Ece Schmidt,Turkish,Turkish,2,0
G01877,Emma Yılmaz,British,English,3,0
G01878,Mert Weber,Turkish,Turkish,1,0
G01879,Ayşe Smith,Turkish,Turkish,1,0
G01880,Jack Weber,British,English,3,0
G01881,Anna Martin,Russian,Russian,4,0
G01882,Dmitri Smirnov,Russian,Russian,2,0
G01883,Mert Demir,Turkish,Turkish,3,0
G01884,Dmitri Brown,Russian,Russian,4,0
G01885,Elif Kaya,Turkish,Turkish,4,0
G01886,Oliver Yılmaz,British,English,1,0
G01887,Olivia Brown,British,English,4,0
G01888,Emily Weber,British,English,4,0
G01889,Emre Wilson,Turkish,Turkish,3,1
G01890,Elif Yılmaz,Turkish,Turkish,3,0
G01891,Grace Yılmaz,British,English,2,0
G01892,Ayşe Öztürk,Turkish,Turkish,4,0
G01893,George Şahin,British,English,2,0
G01894,Ece Wilson,Turkish,Turkish,5,1
G01895,Alexei Kaya,Russian,Russian,2,0
G01896,Mert Müller,Turkish,Turkish,4,0
G01897,Harry Dubois,British,English,3,1
G01898,Elif Müller,Turkish,Turkish,2,0
G01899,Gabriel Dubois,French,French,5,1
G01900,Mert Smith,Turkish,Turkish,3,0
G01901,Olivia Şahin,British,English,2,0
G01902,Mehmet Wilson,Turkish,Turkish,2,0
G01903,Zeynep Yılmaz,Turkish,Turkish,2,0
G01904,Zeynep Schmidt,Turkish,Turkish,3,0
G01905,Ece Şahin,Turkish,Turkish,4,0
G01906,Harry Schmidt,British,English,3,1
G01907,Ivan Schmidt,Russian,Russian,3,0
G01908,Oliver Jones,British,English,3,0
G01909,Mehmet Smirnov,Turkish,Turkish,3,0
G01910,Ece Ivanov,Turkish,Turkish,2,0
G01911,Alice Yılmaz,French,French,3,0
G01912,Buse Weber,Turkish,Turkish,1,0
G01913,Sofia Smith,Russian,Russian,3,0
G01914,Can Demir,Turkish,Turkish,3,0
G01915,Buse Schmidt,Turkish,Turkish,3,1
G01916,Buse Ivanov,Turkish,Turkish,3,0
G01917,Harry Smith,British,English,4,0
G01918,Anna Wilson,German,German,3,0
G01919,Harry Dubois,British,English,3,0
G01920,Oliver Ivanov,British,English,3,0
G01921,Alice Dubois,French,French,3,0
G01922,Can Yılmaz,Turkish,Turkish,5,0
G01923,Harry Brown,British,English,4,0
G01924,Felix Martin,German,German,3,0
G01925,Can Weber,Turkish,Turkish,5,0
G01926,Hugo Smith,French,French,2,0
G01927,Grace Smirnov,British,English,5,1
G01928,George Ivanov,British,English,4,0
G01929,Emily Taylor,British,English,1,0
G01930,Zeynep Taylor,Turkish,Turkish,2,1
G01931,Elif Martin,Turkish,Turkish,2,0
G01932,Paul Wilson,German,German,2,0
G01933,George Martin,British,English,3,0
G01934,Laura Petrov,German,German,3,0
G01935,Emre Jones,Turkish,Turkish,2,0
G01936,Mia Kaya,German,German,3,0
G01937,Can Öztürk,Turkish,Turkish,1,0
G01938,Grace Martin,British,English,4,0
G01939,Olivia Jones,British,English,3,0
G01940,Harry Smirnov,British,English,4,0
G01941,Lea Smirnov,French,French,2,0
G01942,Emre Müller,Turkish,Turkish,3,0
G01943,Can Schmidt,Turkish,Turkish,2,0
G01944,Zeynep Öztürk,Turkish,Turkish,2,0
G01945,Sophie Müller,German,German,4,0
G01946,Zeynep Martin,Turkish,Turkish,4,0
G01947,Emma Şahin,British,English,3,0
G01948,Buse Smith,Turkish,Turkish,1,0
G01949,Harry Jones,British,English,3,0
G01950,Anna Smith,German,German,1,0
G01951,Grace Öztürk,British,English,5,0
G01952,Zeynep Smirnov,Turkish,Turkish,4,0
G01953,Mert Ivanov,Turkish,Turkish,4,0
G01954,Ahmet Taylor,Turkish,Turkish,3,0
G01955,Emily Şahin,British,English,2,0
G01956,Mehmet Wilson,Turkish,Turkish,4,0
G01957,Ece Demir,Turkish,Turkish,3,1
G01958,Sophie Şahin,British,English,3,0
G01959,Buse Ivanov,Turkish,Turkish,3,0
G01960,Emre Petrov,Turkish,Turkish,3,0
G01961,Emma Taylor,French,French,1,0
G01962,Emre Wilson,Turkish,Turkish,4,0
G01963,Ivan Petrov,Russian,Russian,3,0
G01964,Emma Brown,French,French,4,0
G01965,Ayşe Smirnov,Turkish,Turkish,4,0
G01966,Mert Taylor,Turkish,Turkish,4,0
G01967,Mert Şahin,Turkish,Turkish,2,0
G01968,Sofia Kaya,Russian,Russian,3,0
G01969,Grace Öztürk,British,English,1,0
G01970,Emre Smirnov,Turkish,Turkish,2,0
G01971,George Martin,British,English,3,0
G01972,Ayşe Yılmaz,Turkish,Turkish,4,0
G01973,Ece Yılmaz,Turkish,Turkish,2,0
G01974,Ece Smirnov,Turkish,Turkish,2,1
G01975,Emily Smith,British,English,3,0
G01976,Elif Smith,Turkish,Turkish,1,0
G01977,Can Öztürk,Turkish,Turkish,4,0
G01978,Grace Taylor,British,English,2,0
G01979,Elif Şahin,Turkish,Turkish,4,0
G01980,Olivia Schmidt,British,English,4,0
G01981,Can Şahin,Turkish,Turkish,2,0
G01982,Paul Smirnov,German,German,3,0
G01983,Can Öztürk,Turkish,Turkish,2,0
G01984,Emre Ivanov,Turkish,Turkish,3,0
G01985,Paul Taylor,German,German,3,1
G01986,James Müller,British,English,3,0
G01987,Zeynep Ivanov,Turkish,Turkish,3,0
G01988,Grace Schmidt,British,English,3,0
G01989,Leon Smirnov,German,German,3,0
G01990,Elif Şahin,Turkish,Turkish,2,0
G01991,Mert Weber,Turkish,Turkish,2,0
G01992,Mert Öztürk,Turkish,Turkish,4,0
G01993,James Müller,British,English,2,0
G01994,Irina Demir,Russian,Russian,2,0
G01995,Grace Kaya,British,English,3,0
G01996,Leon Petrov,German,German,5,0
G01997,James Wilson,British,English,2,0
G01998,Ahmet Ivanov,Turkish,Turkish,3,0
G01999,Grace Smith,British,English,2,0
G02000,Emily Dubois,British,English,4,0
G02001,Ayşe Yılmaz,Turkish,Turkish,1,0
G02002,Felix Brown,German,German,4,0
G02003,Mehmet Taylor,Turkish,Turkish,3,0
G02004,Felix Şahin,German,German,2,0
G02005,Mert Kaya,Turkish,Turkish,3,0
G02006,Oliver Taylor,British,English,2,0
G02007,Harry Dubois,British,English,4,0
G02008,Oliver Martin,British,English,4,0
G02009,Sophie Wilson,British,English,2,0
G02010,Maria Smith,Russian,Russian,4,0
G02011,Buse Petrov,Turkish,Turkish,2,0
G02012,Mehmet Weber,Turkish,Turkish,3,0
G02013,Zeynep Smirnov,Turkish,Turkish,3,0
G02014,Oliver Martin,British,English,2,0
G02015,Harry Smirnov,British,English,3,0
G02016,Mehmet Weber,Turkish,Turkish,3,0
G02017,Mia Wilson,German,German,2,0
G02018,Emma Petrov,British,English,4,0
G02019,Maria Petrov,Russian,Russian,3,0
G02020,Max Kaya,German,German,3,1
G02021,Grace Dubois,British,English,1,0
G02022,Zeynep Yılmaz,Turkish,Turkish,2,0
G02023,Ahmet Öztürk,Turkish,Turkish,2,0
G02024,Harry Weber,British,English,5,0
G02025,Emma Petrov,British,English,4,0
G02026,George Weber,British,English,2,0
G02027,Mert Smith,Turkish,Turkish,1,0
G02028,Mert Smith,Turkish,Turkish,3,0
G02029,Paul Müller,German,German,3,0
G02030,Sophie Demir,British,English,2,1
G02031,Mia Öztürk,German,German,2,0
G02032,Ece Brown,Turkish,Turkish,2,1
G02033,James Weber,British,English,1,0
G02034,Harry Weber,British,English,3,0
G02035,Emre Petrov,Turkish,Turkish,3,0
G02036,Mia Yılmaz,German,German,4,0
G02037,Lukas Weber,German,German,3,0
G02038,James Yılmaz,British,English,2,0
G02039,Buse Ivanov,Turkish,Turkish,2,0
G02040,Zeynep Şahin,Turkish,Turkish,2,0
G02041,James Petrov,British,English,4,0
G02042,Mert Weber,Turkish,Turkish,3,0
G02043,Jack Şahin,British,English,1,0
G02044,Sophie Öztürk,British,English,1,0
G02045,Zeynep Müller,Turkish,Turkish,4,0
G02046,Buse Wilson,Turkish,Turkish,2,0
G02047,Ayşe Weber,Turkish,Turkish,3,0
G02048,James Taylor,British,English,2,0
G02049,Lukas Smith,German,German,2,0
G02050,Felix Brown,German,German,2,0
G02051,Olivia Brown,British,English,5,0
G02052,Olga Yılmaz,Russian,Russian,2,0
G02053,Harry Ivanov,British,English,3,0
G02054,George Weber,British,English,3,0
G02055,Mehmet Taylor,Turkish,Turkish,3,0
G02056,Olivia Petrov,British,English,2,0
G02057,Ahmet Kaya,Turkish,Turkish,3,0
G02058,Mehmet Martin,Turkish,Turkish,5,0
G02059,Oliver Schmidt,British,English,4,0
G02060,Gabriel Weber,French,French,3,0
G02061,Sophie Weber,German,German,3,0
G02062,Zeynep Smirnov,Turkish,Turkish,4,0
G02063,Oliver Jones,British,English,4,0
G02064,Elif Wilson,Turkish,Turkish,3,0
G02065,Ayşe Demir,Turkish,Turkish,3,0
G02066,George Petrov,British,English,2,0
G02067,Zeynep Smith,Turkish,Turkish,2,0
G02068,Ahmet Taylor,Turkish,Turkish,2,0
G02069,Mert Brown,Turkish,Turkish,3,0
G02070,Ahmet Yılmaz,Turkish,Turkish,3,0
G02071,James Schmidt,British,English,3,0
G02072,Emily Wilson,British,English,1,0
G02073,Jack Yılmaz,British,English,1,0
G02074,Elif Taylor,Turkish,Turkish,4,0
G02075,Jack Jones,British,English,1,0
G02076,Ahmet Taylor,Turkish,Turkish,2,0
G02077,Laura Müller,German,German,3,0
G02078,Grace Martin,British,English,1,0
G02079,Emma Öztürk,German,German,2,0
G02080,Sophie Petrov,British,English,3,0
G02081,Mehmet Şahin,Turkish,Turkish,5,0
G02082,Zeynep Yılmaz,Turkish,Turkish,4,0
G02083,Laura Wilson,German,German,2,0
G02084,Lukas Öztürk,German,German,2,0
G02085,Zeynep Müller,Turkish,Turkish,2,0
G02086,Ece Weber,Turkish,Turkish,4,0
G02087,Oliver Dubois,British,English,3,0
G02088,Grace Şahin,British,English,2,0
G02089,Ahmet Taylor,Turkish,Turkish,3,0
G02090,Ece Şahin,Turkish,Turkish,4,0
G02091,Alice Kaya,French,French,4,0
G02092,Emily Smirnov,British,English,4,0
G02093,James Dubois,British,English,3,0
G02094,Harry Müller,British,English,3,0
G02095,Sophie Jones,British,English,4,0
G02096,Ahmet Wilson,Turkish,Turkish,5,0
G02097,Olga Martin,Russian,Russian,3,0
G02098,George Yılmaz,British,English,2,0
G02099,Emily Müller,British,English,2,0
G02100,Mehmet Kaya,Turkish,Turkish,3,0
G02101,Emma Yılmaz,German,German,3,0
G02102,Zeynep Ivanov,Turkish,Turkish,3,0
G02103,James Yılmaz,British,English,4,0
G02104,Paul Müller,German,German,2,0
G02105,Oliver Dubois,British,English,2,1
G02106,Maria Martin,Russian,Russian,4,0
G02107,Mia Schmidt,German,German,1,0
G02108,Jack Jones,British,English,4,0
G02109,Jack Schmidt,British,English,4,1
G02110,Zeynep Jones,Turkish,Turkish,4,0
G02111,Leon Brown,German,German,3,0
G02112,Olivia Jones,British,English,1,0
G02113,Emma Martin,British,English,1,0
G02114,Ece Dubois,Turkish,Turkish,5,0
G02115,Irina Şahin,Russian,Russian,2,0
G02116,Grace Weber,British,English,3,0
G02117,Ece Müller,Turkish,Turkish,5,0
G02118,Elif Müller,Turkish,Turkish,1,1
G02119,Oliver Smirnov,British,English,2,0
G02120,Harry Öztürk,British,English,4,0
G02121,Zeynep Dubois,Turkish,Turkish,2,0
G02122,Zeynep Ivanov,Turkish,Turkish,2,0
G02123,Mert Dubois,Turkish,Turkish,2,0
G02124,Ece Smith,Turkish,Turkish,2,0
G02125,Leon Şahin,German,German,3,0
G02126,Grace Smirnov,British,English,3,0
G02127,Can Smirnov,Turkish,Turkish,4,0
G02128,Harry Petrov,British,English,5,0
G02129,Emily Brown,British,English,3,0
G02130,Zeynep Petrov,Turkish,Turkish,3,0
G02131,Anna Ivanov,Russian,Russian,2,0
G02132,Ahmet Weber,Turkish,Turkish,4,0
G02133,Elena Yılmaz,Russian,Russian,3,0
G02134,Elif Öztürk,Turkish,Turkish,2,0
G02135,Emily Brown,British,English,3,0
G02136,Emily Dubois,British,English,1,0
G02137,Can Martin,Turkish,Turkish,3,0
G02138,Mehmet Dubois,Turkish,Turkish,3,0
G02139,Grace Taylor,British,English,3,0
G02140,Harry Weber,British,English,2,0
G02141,Ayşe Taylor,Turkish,Turkish,4,0
G02142,Elif Smith,Turkish,Turkish,4,0
G02143,Harry Müller,British,English,4,0
G02144,Felix Weber,German,German,2,0
G02145,Buse Weber,Turkish,Turkish,5,0
G02146,Mert Öztürk,Turkish,Turkish,5,0
G02147,Emma Brown,German,German,5,0
G02148,Ahmet Wilson,Turkish,Turkish,5,0
G02149,Can Taylor,Turkish,Turkish,2,0
G02150,Zeynep Taylor,Turkish,Turkish,3,0
G02151,Sophie Yılmaz,British,English,4,0
G02152,Harry Taylor,British,English,2,0
G02153,Ayşe Petrov,Turkish,Turkish,3,0
G02154,Mehmet Smith,Turkish,Turkish,3,0
G02155,Olivia Demir,British,English,3,0
G02156,James Ivanov,British,English,5,0
G02157,Zeynep Smirnov,Turkish,Turkish,4,0
G02158,Zeynep Kaya,Turkish,Turkish,3,0
G02159,Sophie Dubois,British,English,3,0
G02160,Buse Smith,Turkish,Turkish,1,0
G02161,Mehmet Dubois,Turkish,Turkish,1,0
G02162,Ayşe Kaya,Turkish,Turkish,2,0
G02163,Nikolai Demir,Russian,Russian,2,0
G02164,Harry Wilson,British,English,3,0
G02165,Emma Ivanov,British,English,5,0
G02166,Mia Jones,German,German,2,0
G02167,Olivia Jones,British,English,3,0
G02168,Zeynep Kaya,Turkish,Turkish,3,0
G02169,Buse Weber,Turkish,Turkish,1,0
G02170,Louis Şahin,French,French,3,0
G02171,Emily Şahin,British,English,4,0
G02172,Emma Smirnov,British,English,2,0
G02173,Oliver Smirnov,British,English,2,0
G02174,Sophie Taylor,British,English,4,0
G02175,Harry Martin,British,English,3,0
G02176,Lea Smirnov,French,French,5,0
G02177,Mehmet Şahin,Turkish,Turkish,3,0
G02178,Zeynep Şahin,Turkish,Turkish,2,0
G02179,Emma Smirnov,British,English,5,0
G02180,Can Öztürk,Turkish,Turkish,1,0
G02181,Oliver Yılmaz,British,English,2,0
G02182,Ece Dubois,Turkish,Turkish,4,0
G02183,Zeynep Smirnov,Turkish,Turkish,4,0
G02184,Emre Smirnov,Turkish,Turkish,4,0
G02185,Emily Weber,British,English,3,1
G02186,Ece Ivanov,Turkish,Turkish,3,0
G02187,Ece Martin,Turkish,Turkish,4,0
G02188,Mert Yılmaz,Turkish,Turkish,1,0
G02189,Emre Brown,Turkish,Turkish,3,0
G02190,Jack Öztürk,British,English,4,0
G02191,Mehmet Petrov,Turkish,Turkish,4,1
G02192,Can Kaya,Turkish,Turkish,3,0
G02193,Paul Kaya,German,German,3,0
G02194,Sophie Kaya,British,English,3,0
G02195,Harry Smith,British,English,5,0
G02196,James Öztürk,British,English,4,0
G02197,Mert Şahin,Turkish,Turkish,1,0
G02198,Lukas Kaya,German,German,4,0
G02199,James Smirnov,British,English,1,0
G02200,Mert Taylor,Turkish,Turkish,4,0
G02201,Olivia Brown,British,English,3,0
G02202,Elif Müller,Turkish,Turkish,3,0
G02203,Mehmet Yılmaz,Turkish,Turkish,3,0
G02204,Mehmet Petrov,Turkish,Turkish,3,0
G02205,Can Smith,Turkish,Turkish,3,0
G02206,Harry Dubois,British,English,4,1
G02207,Zeynep Dubois,Turkish,Turkish,2,0
G02208,Sophie Martin,German,German,5,0
G02209,Maria Weber,Russian,Russian,1,0
G02210,Elif Kaya,Turkish,Turkish,5,1
G02211,Felix Petrov,German,German,1,0
G02212,Ahmet Demir,Turkish,Turkish,2,0
G02213,Sophie Martin,British,English,5,0
G02214,Elena Taylor,Russian,Russian,2,0
G02215,Ahmet Ivanov,Turkish,Turkish,4,0
G02216,Alice Ivanov,French,French,4,0
G02217,Sophie Weber,British,English,4,0
G02218,Harry Dubois,British,English,1,0
G02219,George Smirnov,British,English,3,0
G02220,Ece Ivanov,Turkish,Turkish,2,0
G02221,Ahmet Müller,Turkish,Turkish,2,0
G02222,Laura Wilson,German,German,3,0
G02223,Oliver Smith,British,English,3,0
G02224,Elena Smirnov,Russian,Russian,4,0
G02225,Oliver Öztürk,British,English,4,0
G02226,Mert Martin,Turkish,Turkish,2,1
G02227,Harry Brown,British,English,4,0
G02228,Leon Smith,German,German,2,0
G02229,Sophie Şahin,German,German,2,0
G02230,Jack Taylor,British,English,3,0
G02231,Elif Ivanov,Turkish,Turkish,3,0
G02232,Sophie Müller,British,English,3,0
G02233,Ayşe Demir,Turkish,Turkish,4,0
G02234,Harry Dubois,British,English,3,0
G02235,Jack Taylor,British,English,2,0
G02236,Zeynep Taylor,Turkish,Turkish,3,1
G02237,Can Müller,Turkish,Turkish,2,0
G02238,Mert Smirnov,Turkish,Turkish,5,0
G02239,Ece Smith,Turkish,Turkish,3,0
G02240,Manon Petrov,French,French,5,1
G02241,Olivia Jones,British,English,3,0
G02242,Elif Petrov,Turkish,Turkish,3,0
G02243,Harry Demir,British,English,3,0
G02244,Mehmet Taylor,Turkish,Turkish,3,0
G02245,Camille Müller,French,French,5,0
G02246,Zeynep Smirnov,Turkish,Turkish,3,0
G02247,Leon Jones,German,German,3,0
G02248,Laura Smith,German,German,2,0
G02249,Felix Öztürk,German,German,2,0
G02250,Ahmet Öztürk,Turkish,Turkish,2,0
G02251,Max Smith,German,German,3,0
G02252,Emma Schmidt,British,English,2,0
G02253,Olivia Müller,British,English,3,0
G02254,Oliver Jones,British,English,1,0
G02255,Elif Weber,Turkish,Turkish,4,0
G02256,Emma Yılmaz,French,French,4,0
G02257,Ece Jones,Turkish,Turkish,5,1
G02258,James Taylor,British,English,3,0
G02259,Zeynep Kaya,Turkish,Turkish,4,0
G02260,Can Öztürk,Turkish,Turkish,2,0
G02261,Oliver Kaya,British,English,5,0
G02262,Jack Müller,British,English,3,0
G02263,Mert Demir,Turkish,Turkish,2,0
G02264,Sophie Schmidt,British,English,2,0
G02265,Olivia Şahin,British,English,4,0
G02266,Emre Dubois,Turkish,Turkish,4,0
G02267,Emma Müller,British,English,3,0
G02268,George Dubois,British,English,2,0
G02269,Buse Jones,Turkish,Turkish,3,0
G02270,Grace Kaya,British,English,1,0
G02271,Gabriel Ivanov,French,French,4,0
G02272,James Smith,British,English,3,0
G02273,Ayşe Martin,Turkish,Turkish,3,0
G02274,Laura Yılmaz,German,German,4,0
G02275,George Şahin,British,English,4,0
G02276,Grace Kaya,British,English,3,0
G02277,Mert Ivanov,Turkish,Turkish,3,0
G02278,Ivan Dubois,Russian,Russian,2,0
G02279,Buse Dubois,Turkish,Turkish,5,0
G02280,Olivia Yılmaz,British,English,1,0
G02281,Leon Kaya,German,German,2,0
G02282,Max Müller,German,German,3,0
G02283,Ahmet Yılmaz,Turkish,Turkish,3,1
G02284,Ece Smirnov,Turkish,Turkish,2,1
G02285,Emre Petrov,Turkish,Turkish,3,0
G02286,Camille Taylor,French,French,4,1
G02287,Sophie Dubois,German,German,3,0
G02288,Anna Yılmaz,German,German,3,0
G02289,George Wilson,British,English,2,0
G02290,Laura Wilson,German,German,3,0
G02291,Mehmet Öztürk,Turkish,Turkish,4,0
G02292,Ayşe Kaya,Turkish,Turkish,3,0
G02293,Emma Wilson,British,English,3,0
G02294,James Yılmaz,British,English,5,0
G02295,Leon Schmidt,German,German,3,0
G02296,Emre Brown,Turkish,Turkish,4,0
G02297,Can Taylor,Turkish,Turkish,3,0
G02298,Harry Ivanov,British,English,5,0
G02299,Felix Smith,German,German,2,0
G02300,Ayşe Şahin,Turkish,Turkish,4,0
G02301,Elif Şahin,Turkish,Turkish,3,0
G02302,Buse Müller,Turkish,Turkish,4,1
G02303,Elif Yılmaz,Turkish,Turkish,2,0
G02304,Maria Martin,Russian,Russian,2,0
G02305,Grace Demir,British,English,2,0
G02306,Leon Ivanov,German,German,2,0
G02307,Paul Şahin,German,German,3,0
G02308,Ahmet Smith,Turkish,Turkish,2,0
G02309,Mert Brown,Turkish,Turkish,3,0
G02310,Ahmet Smith,Turkish,Turkish,3,0
G02311,Oliver Müller,British,English,3,0
G02312,Oliver Petrov,British,English,1,0
G02313,Jack Schmidt,British,English,4,0
G02314,Can Taylor,Turkish,Turkish,1,0
G02315,Oliver Taylor,British,English,2,0
G02316,Zeynep Demir,Turkish,Turkish,4,0
G02317,Maria Martin,Russian,Russian,2,0
G02318,Louis Schmidt,French,French,1,0
G02319,Emre Taylor,Turkish,Turkish,5,0
G02320,Mert Martin,Turkish,Turkish,3,0
G02321,Ayşe Demir,Turkish,Turkish,3,0
G02322,Sophie Müller,German,German,5,0
G02323,Emily Jones,British,English,1,0
G02324,Mehmet Schmidt,Turkish,Turkish,2,0
G02325,Olivia Demir,British,English,4,0
G02326,George Taylor,British,English,5,0
G02327,Harry Yılmaz,British,English,5,0
G02328,Buse Brown,Turkish,Turkish,2,0
G02329,Emre Petrov,Turkish,Turkish,3,0
G02330,Ayşe Taylor,Turkish,Turkish,3,0
G02331,George Martin,British,English,4,0
G02332,Jack Kaya,British,English,5,0
G02333,Can Müller,Turkish,Turkish,2,0
G02334,Ahmet Dubois,Turkish,Turkish,3,0
G02335,Ayşe Ivanov,Turkish,Turkish,4,0
G02336,Ayşe Weber,Turkish,Turkish,2,0
G02337,Oliver Yılmaz,British,English,2,0
G02338,Ece Smith,Turkish,Turkish,2,1
G02339,Alice Müller,French,French,1,0
G02340,Can Smirnov,Turkish,Turkish,4,0
G02341,Laura Yılmaz,German,German,2,0
G02342,Lukas Smirnov,German,German,2,1
G02343,Emma Yılmaz,German,German,3,0
G02344,Zeynep Ivanov,Turkish,Turkish,1,0
G02345,Emre Smith,Turkish,Turkish,1,0
G02346,Elif Kaya,Turkish,Turkish,5,0
G02347,Jack Yılmaz,British,English,3,0
G02348,Emma Brown,German,German,5,0
G02349,Camille Wilson,French,French,2,0
G02350,Harry Öztürk,British,English,3,1
G02351,Ayşe Müller,Turkish,Turkish,2,1
G02352,Manon Taylor,French,French,4,0
G02353,Emily Müller,British,English,5,0
G02354,Mert Weber,Turkish,Turkish,2,0
G02355,Gabriel Kaya,French,French,3,0
G02356,Lukas Weber,German,German,1,0
G02357,Oliver Kaya,British,English,3,0
G02358,Emre Petrov,Turkish,Turkish,4,0
G02359,Leon Dubois,German,German,4,0
G02360,Max Smirnov,German,German,3,0
G02361,Elif Smirnov,Turkish,Turkish,3,0
G02362,Alexei Petrov,Russian,Russian,3,0
G02363,Olivia Kaya,British,English,2,0
G02364,Elif Demir,Turkish,Turkish,3,0
G02365,Paul Smirnov,German,German,3,0
G02366,Emma Şahin,German,German,3,0
G02367,Grace Wilson,British,English,4,0
G02368,Mehmet Weber,Turkish,Turkish,3,1
G02369,Lea Smirnov,French,French,2,0
G02370,Paul Weber,German,German,1,0
G02371,Can Schmidt,Turkish,Turkish,2,0
G02372,Irina Kaya,Russian,Russian,4,1
G02373,Lea Taylor,French,French,3,0
G02374,Elena Weber,Russian,Russian,5,1
G02375,Paul Schmidt,German,German,5,1
G02376,Emre Kaya,Turkish,Turkish,5,0
G02377,Harry Şahin,British,English,2,1
G02378,Ayşe Müller,Turkish,Turkish,4,0
G02379,Felix Martin,German,German,3,0
G02380,Mehmet Brown,Turkish,Turkish,2,0
G02381,Can Brown,Turkish,Turkish,5,1
G02382,Zeynep Kaya,Turkish,Turkish,4,0
G02383,Jack Öztürk,British,English,3,0
G02384,Zeynep Smith,Turkish,Turkish,3,0
G02385,Olivia Jones,British,English,1,0
G02386,Buse Wilson,Turkish,Turkish,2,0
G02387,Ayşe Dubois,Turkish,Turkish,3,0
G02388,Can Weber,Turkish,Turkish,1,0
G02389,Chloe Jones,French,French,3,1
G02390,Olivia Smith,British,English,3,0
G02391,Grace Schmidt,British,English,2,0
G02392,Oliver Kaya,British,English,3,0
G02393,Mehmet Smirnov,Turkish,Turkish,3,0
G02394,Elif Wilson,Turkish,Turkish,3,0
G02395,Grace Ivanov,British,English,3,0
G02396,Alexei Smirnov,Russian,Russian,4,0
G02397,Buse Wilson,Turkish,Turkish,4,0
G02398,Sophie Dubois,German,German,1,0
G02399,Zeynep Öztürk,Turkish,Turkish,2,0
G02400,Laura Müller,German,German,4,1
G02401,Oliver Smirnov,British,English,3,0
G02402,Emily Smith,British,English,3,0
G02403,Leon Yılmaz,German,German,4,0
G02404,Buse Wilson,Turkish,Turkish,5,0
G02405,George Müller,British,English,2,0
G02406,Elif Wilson,Turkish,Turkish,4,0
G02407,Mehmet Öztürk,Turkish,Turkish,5,0
G02408,Mert Schmidt,Turkish,Turkish,3,0
G02409,Mehmet Brown,Turkish,Turkish,4,0
G02410,Grace Brown,British,English,3,0
G02411,Mehmet Ivanov,Turkish,Turkish,3,0
G02412,Sophie Smirnov,British,English,3,1
G02413,Zeynep Jones,Turkish,Turkish,4,0
G02414,Emre Dubois,Turkish,Turkish,2,0
G02415,Ayşe Yılmaz,Turkish,Turkish,4,0
G02416,Olga Wilson,Russian,Russian,2,0
G02417,Elif Müller,Turkish,Turkish,2,0
G02418,Zeynep Petrov,Turkish,Turkish,5,0
G02419,George Smith,British,English,4,0
G02420,Mehmet Ivanov,Turkish,Turkish,4,0
G02421,Mert Smith,Turkish,Turkish,3,0
G02422,Buse Petrov,Turkish,Turkish,2,1
G02423,Leon Smith,German,German,3,0
G02424,Can Wilson,Turkish,Turkish,2,0
G02425,Ece Kaya,Turkish,Turkish,3,0
G02426,Emma Petrov,German,German,2,0
G02427,Sophie Schmidt,British,English,4,0
G02428,George Yılmaz,British,English,3,0
G02429,Lucas Yılmaz,French,French,5,0
G02430,Harry Öztürk,British,English,5,0
G02431,Sofia Kaya,Russian,Russian,5,0
G02432,Grace Petrov,British,English,1,0
G02433,Mehmet Kaya,Turkish,Turkish,3,0
G02434,Ece Kaya,Turkish,Turkish,4,0
G02435,Buse Smirnov,Turkish,Turkish,5,0
G02436,Can Ivanov,Turkish,Turkish,2,0
G02437,Buse Şahin,Turkish,Turkish,1,0
G02438,Zeynep Wilson,Turkish,Turkish,4,1
G02439,Emre Brown,Turkish,Turkish,2,0
G02440,Ece Müller,Turkish,Turkish,3,0
G02441,Ivan Petrov,Russian,Russian,3,0
G02442,Ahmet Petrov,Turkish,Turkish,5,0
G02443,Ahmet Petrov,Turkish,Turkish,3,0
G02444,Oliver Smith,British,English,2,0
G02445,Emma Martin,British,English,3,0
G02446,Louis Schmidt,French,French,2,0
G02447,James Şahin,British,English,4,0
G02448,Olga Brown,Russian,Russian,3,0
G02449,Emily Schmidt,British,English,2,0
G02450,Mert Smirnov,Turkish,Turkish,1,0
G02451,Emma Smith,British,English,4,0
G02452,Lea Smith,French,French,4,0
G02453,Emily Ivanov,British,English,3,0
G02454,Dmitri Weber,Russian,Russian,2,0
G02455,George Öztürk,British,English,2,0
G02456,Ayşe Kaya,Turkish,Turkish,3,0
G02457,Harry Taylor,British,English,3,0
G02458,George Demir,British,English,4,1
G02459,Ece Müller,Turkish,Turkish,2,0
G02460,Zeynep Smirnov,Turkish,Turkish,2,0
G02461,Ahmet Weber,Turkish,Turkish,3,0
G02462,George Taylor,British,English,4,0
G02463,Maria Şahin,Russian,Russian,1,0
G02464,Dmitri Jones,Russian,Russian,2,0
G02465,Zeynep Schmidt,Turkish,Turkish,2,0
G02466,Emre Brown,Turkish,Turkish,4,0
G02467,Elif Smith,Turkish,Turkish,3,1
G02468,Grace Ivanov,British,English,3,0
G02469,Mehmet Öztürk,Turkish,Turkish,2,0
G02470,Max Schmidt,German,German,2,0
G02471,Can Brown,Turkish,Turkish,3,0
G02472,Oliver Müller,British,English,3,0
G02473,Felix Smirnov,German,German,4,0
G02474,Zeynep Ivanov,Turkish,Turkish,4,0
G02475,Zeynep Öztürk,Turkish,Turkish,5,0
G02476,Grace Kaya,British,English,4,0
G02477,James Weber,British,English,1,0
G02478,Ahmet Şahin,Turkish,Turkish,1,0
G02479,James Schmidt,British,English,3,0
G02480,Can Ivanov,Turkish,Turkish,2,0
G02481,Ayşe Demir,Turkish,Turkish,2,0
G02482,Can Brown,Turkish,Turkish,5,0
G02483,Emily Smith,British,English,2,0
G02484,Gabriel Ivanov,French,French,3,0
G02485,Elif Taylor,Turkish,Turkish,2,0
G02486,Sophie Yılmaz,British,English,3,0
G02487,Jack Wilson,British,English,3,0
G02488,Laura Şahin,German,German,1,0
G02489,Olivia Wilson,British,English,4,0
G02490,Max Yılmaz,German,German,4,0
G02491,Olivia Yılmaz,British,English,4,0
G02492,Emma Dubois,British,English,2,0
G02493,Ayşe Şahin,Turkish,Turkish,1,1
G02494,Mert Kaya,Turkish,Turkish,3,0
G02495,Olga Müller,Russian,Russian,2,0
G02496,Ahmet Müller,Turkish,Turkish,3,0
G02497,Buse Smirnov,Turkish,Turkish,2,0
G02498,Mehmet Martin,Turkish,Turkish,1,0
G02499,Emre Martin,Turkish,Turkish,3,0
G02500,Emily Smirnov,British,English,1,0
G02501,Lukas Şahin,German,German,4,1
G02502,Grace Wilson,British,English,3,0
G02503,Emma Martin,German,German,3,0
G02504,Emily Brown,British,English,2,0
G02505,Emma Müller,German,German,3,0
G02506,Lucas Öztürk,French,French,5,0
G02507,Ece Smith,Turkish,Turkish,2,0
G02508,Ece Weber,Turkish,Turkish,3,0
G02509,Irina Yılmaz,Russian,Russian,3,0
G02510,Can Dubois,Turkish,Turkish,2,0
G02511,Emma Yılmaz,German,German,5,0
G02512,Ece Yılmaz,Turkish,Turkish,2,0
G02513,Ece Smirnov,Turkish,Turkish,1,0
G02514,Emily Weber,British,English,1,0
G02515,Ahmet Ivanov,Turkish,Turkish,3,0
G02516,George Smith,British,English,1,0
G02517,Sofia Kaya,Russian,Russian,3,0
G02518,Oliver Ivanov,British,English,5,0
G02519,Sophie Wilson,British,English,4,0
G02520,Ayşe Martin,Turkish,Turkish,1,0
G02521,Chloe Müller,French,French,1,0
G02522,Zeynep Martin,Turkish,Turkish,4,0
G02523,Olga Şahin,Russian,Russian,4,0
G02524,Olivia Taylor,British,English,5,1
G02525,Paul Dubois,German,German,5,0
G02526,Mert Taylor,Turkish,Turkish,5,0
G02527,Emma Dubois,British,English,1,0
G02528,Max Ivanov,German,German,2,0
G02529,Buse Wilson,Turkish,Turkish,3,0
G02530,Ahmet Taylor,Turkish,Turkish,3,0
G02531,Sophie Şahin,German,German,1,0
G02532,James Jones,British,English,4,0
G02533,Ayşe Smith,Turkish,Turkish,4,0
G02534,Jack Schmidt,British,English,2,0
G02535,George Öztürk,British,English,3,0
G02536,Emre Öztürk,Turkish,Turkish,1,0
G02537,Ayşe Weber,Turkish,Turkish,1,0
G02538,Ahmet Jones,Turkish,Turkish,3,0
G02539,James Yılmaz,British,English,3,0
G02540,Jack Öztürk,British,English,3,0
G02541,Can Müller,Turkish,Turkish,3,1
G02542,Leon Schmidt,German,German,3,1
G02543,Lukas Wilson,German,German,3,1
G02544,Anna Dubois,Russian,Russian,3,0
G02545,Emily Smith,British,English,2,0
G02546,Olivia Yılmaz,British,English,5,0
G02547,Buse Dubois,Turkish,Turkish,3,0
G02548,Buse Dubois,Turkish,Turkish,4,0
G02549,Emily Martin,British,English,3,0
G02550,Emre Ivanov,Turkish,Turkish,3,0
G02551,Olivia Brown,British,English,5,1
G02552,Ece Smith,Turkish,Turkish,3,0
G02553,Ece Taylor,Turkish,Turkish,2,0
G02554,Emre Ivanov,Turkish,Turkish,3,0
G02555,Grace Schmidt,British,English,3,0
G02556,Sofia Petrov,Russian,Russian,2,0
G02557,Emma Petrov,German,German,2,0
G02558,Leon Demir,German,German,1,0
G02559,Mert Smith,Turkish,Turkish,4,0
G02560,Can Şahin,Turkish,Turkish,4,1
G02561,Leon Schmidt,German,German,3,0
G02562,Emma Brown,German,German,3,0
G02563,James Jones,British,English,2,0
G02564,Sophie Yılmaz,British,English,3,0
G02565,Harry Şahin,British,English,2,0
G02566,Mehmet Yılmaz,Turkish,Turkish,2,0
G02567,Paul Dubois,German,German,2,0
G02568,Emily Öztürk,British,English,2,0
G02569,Zeynep Yılmaz,Turkish,Turkish,3,0
G02570,Oliver Martin,British,English,3,0
G02571,Emma Demir,German,German,1,0
G02572,Mia Smirnov,German,German,2,0
G02573,Alice Şahin,French,French,5,0
G02574,Ahmet Yılmaz,Turkish,Turkish,3,0
G02575,Oliver Weber,British,English,2,1
G02576,Ece Kaya,Turkish,Turkish,4,0
G02577,Anna Petrov,German,German,4,0
G02578,Laura Şahin,German,German,2,0
G02579,Can Wilson,Turkish,Turkish,4,0
G02580,Emre Şahin,Turkish,Turkish,3,0
G02581,Mehmet Petrov,Turkish,Turkish,2,0
G02582,Jack Öztürk,British,English,3,0
G02583,Elif Dubois,Turkish,Turkish,2,0
G02584,Olivia Smith,British,English,3,1
G02585,Harry Taylor,British,English,1,0
G02586,Ahmet Demir,Turkish,Turkish,3,0
G02587,George Öztürk,British,English,5,0
G02588,Emma Weber,British,English,3,0
G02589,Ayşe Jones,Turkish,Turkish,5,0
G02590,Emre Dubois,Turkish,Turkish,3,0
G02591,Mert Petrov,Turkish,Turkish,5,0
G02592,Max Öztürk,German,German,5,0
G02593,Ahmet Martin,Turkish,Turkish,3,0
G02594,Lea Dubois,French,French,1,0
G02595,Harry Müller,British,English,3,0
G02596,Anna Taylor,German,German,3,0
G02597,Zeynep Taylor,Turkish,Turkish,5,0
G02598,Mehmet Ivanov,Turkish,Turkish,2,0
G02599,Sophie Öztürk,British,English,3,0
G02600,Zeynep Martin,Turkish,Turkish,3,0
